eggs,feed,temperature
1.944644724,28.52168188,-3.920246507
2.367083559,20.81019214,7.489837471
1.361379502,29.2595749,-5.425450786
1.763220615,22.2452351,1.486627016
2.003410281,23.33164129,9.976938053
0.607146861,27.66506861,-1.311090889
0.846139252,29.44197195,-0.373793773
1.234421297,29.33728606,-0.906376478
1.52181023,23.29887051,1.12488564
1.757874417,21.23438011,3.527379482
1.387916395,22.35427462,9.257864463
0.560990492,27.85489589,-0.606541257
0.59065831,28.68136518,-1.717215765
1.108199007,22.32797741,3.179193701
1.439664082,29.07357561,-1.110110343
1.787945509,21.59858299,3.835268777
2.054569469,22.38359712,1.824808025
1.089852668,28.84397775,-5.827642719
1.055561874,22.14637104,6.576717707
0.617402467,20.72732061,4.355896724
1.604202799,20.99286017,10.43485706
2.322328845,21.73683361,10.92082839
1.466731515,21.07278517,13.83001488
1.717681088,23.20767119,10.30225394
2.141302579,21.63617153,11.14123486
1.782854295,21.87468941,5.856000686
1.456318631,20.08212115,14.69303248
2.701324999,23.04680603,15.37007042
1.779437501,20.65151525,4.866321483
2.597682366,20.77442385,4.162681539
2.317078328,21.29104489,10.28053645
2.192789591,21.65136523,14.52309004
1.474331612,23.8451849,20.32491514
2.355069111,20.41344154,15.60543848
1.713658871,21.60832892,17.18763197
2.084337205,20.28302762,14.82026958
1.758121373,22.9899562,5.284869121
2.591641739,21.94287994,0.599535143
1.261457163,20.81423577,2.059550551
1.958389603,23.8495734,10.42521506
2.202517805,23.53508687,19.15550817
2.083103297,22.04627948,7.659196123
1.823844632,24.09506299,11.56365851
1.948322728,21.89196284,21.67924969
2.058446385,20.23344481,10.18151815
2.035274495,23.0388724,15.53800922
1.59202473,22.41868034,8.553436572
2.43949121,20.94660293,10.94788076
1.519292098,21.19282428,9.887104211
2.405840692,24.05893747,13.42133311
1.536607994,23.16922127,21.34125403
2.337216347,21.07036576,15.22022504
2.34809382,21.93647657,19.64723419
2.196486449,23.48826553,11.83239411
1.909991053,21.02958978,14.48391761
2.21839273,20.12979963,10.67239351
1.435677685,22.13938171,19.31478774
1.787344916,21.40222505,15.23517137
1.644838208,21.04404906,15.72654469
1.458916336,20.63345374,17.46096962
1.444076966,20.29979801,10.85806583
1.33252396,21.28190352,21.06029326
1.546080469,23.48518485,14.13820681
2.802772196,22.8640152,19.75452274
2.221414544,22.91332721,13.71380194
2.114789732,21.69543215,16.04723931
2.209062552,22.21948287,7.481288869
1.649032102,22.95924753,16.72185393
2.58296717,21.86606112,12.10452845
1.852399247,21.71079281,17.30282741
2.897813097,21.47273276,17.91399824
2.525616869,22.97417183,18.0383381
1.384336915,22.92690385,21.13205559
1.642545725,21.88091969,19.78781988
1.932699369,21.61385417,21.92125053
1.869606722,22.29450311,19.30299433
1.476923945,20.89127237,25.17181876
2.77823991,21.28036635,21.13299341
2.587646964,21.9274966,21.69504134
1.508318991,22.04965521,18.15484058
1.559026325,21.22645274,23.67988636
1.406674988,22.59707532,12.69326305
2.121112556,22.11253788,26.49780527
2.224837008,24.29705152,21.71352804
1.768002056,23.31480501,25.4245299
1.773724473,21.6735167,18.7050914
3.116507697,21.6863708,34.40168574
2.151509591,22.64151639,20.30558126
1.740279598,21.23157588,22.4994177
1.274772796,23.11941768,20.47292451
0.906792603,21.45502669,27.91449481
2.3759177,22.39954738,18.17261268
1.667236142,23.32123347,26.46850748
1.580486119,21.81171905,28.38390619
1.740434963,21.66435938,29.0251277
2.259002993,23.43149778,26.1868022
1.430010288,21.33648245,22.72740729
2.363182366,21.11142419,21.94913264
2.975180917,23.50180364,23.92522734
2.173771154,22.89680899,24.72759343
1.921348491,22.71806944,15.23138938
2.416578751,22.67823953,31.06724569
2.391720176,21.95042333,28.95014619
1.437353674,22.67564555,26.7921794
2.41651654,22.83725412,25.63721701
1.970967392,21.23536855,30.57026374
1.541856854,22.32108703,25.1297076
2.77776601,21.40072523,16.61665266
1.458363084,23.75499558,22.846286
1.920855357,21.40611511,33.18154707
2.549306582,22.76946201,22.1812309
0.77221973,29.30026218,35.22062322
1.88895232,27.44375204,40.27039866
1.44511026,21.63475881,28.1268732
1.863191616,21.50420491,20.83194246
2.332205021,21.66753911,31.73506248
1.871580791,21.3883337,20.11823969
2.171652662,20.39977574,30.3625643
2.170464427,23.43560274,28.45477942
0.859671127,23.14426727,27.32905162
1.62545633,20.56297445,34.33797234
1.55483686,21.31883393,33.05028398
1.827076479,23.81597849,22.1768655
1.741248035,21.30085653,20.68817159
2.195573097,23.59240351,34.33665467
1.661796386,22.58277547,30.62464574
1.929778115,20.89069908,27.30572415
1.421869411,28.81009335,35.65086332
3.353165342,22.67428087,22.730644
2.808096271,22.23704919,22.48075219
1.430914739,28.80558164,36.55348675
2.298219139,22.43543572,20.03881412
2.087185144,22.1262202,23.84519987
1.197182186,21.44477004,29.64602797
1.671018914,20.81128507,33.94512445
1.571373012,21.9541356,32.67045061
2.471213398,22.09425523,31.94199157
1.840819242,21.95083161,25.240421
0.34101906,22.64556997,33.95760242
1.859119692,23.47709855,32.31243994
1.953387201,22.65113671,26.93710946
0.950018979,23.62336714,30.86848293
1.13586176,28.68258626,42.01229624
1.519661151,28.91976684,35.99177313
1.571867603,21.42471177,29.77068897
2.03440259,22.78028852,29.29284834
0.938018869,21.79062185,31.97124313
2.936927144,22.12266581,30.40670119
1.612203482,20.48535679,24.56161358
1.415171903,22.25817114,29.75428856
0.527963876,30.4651705,36.52497085
1.334537962,28.17695668,35.6282723
2.831531478,22.60098115,29.3550626
1.726044043,29.43902189,36.05378931
2.727317599,21.22271566,29.00722437
0.652922584,29.24168392,38.33660966
2.159916988,22.75961074,30.51787246
0.455197358,29.20750744,38.25082709
1.770296127,20.69343906,30.11065993
1.779410618,22.49909062,33.31368801
2.180786853,23.37454419,19.32985215
2.263229647,29.14665878,43.71890905
1.659251287,20.90822139,33.00344735
1.140056657,29.42736964,40.71893207
1.685818643,21.72043099,30.07177273
1.332478857,23.35567852,29.37086815
1.701989998,23.31000259,32.50581331
1.243580906,23.91944415,32.1498629
1.7173233,21.19541366,32.6791917
1.306030393,22.39079013,30.3807985
3.033541488,23.49533551,25.63773764
1.694778587,21.73117471,33.58417126
1.546395284,22.25407594,26.71681049
2.772029279,20.88115878,24.14921806
2.086668787,23.5623319,32.75378487
2.879453997,22.2217997,34.60854344
1.182696693,28.52275802,40.8244719
2.429795011,21.7471806,27.62789751
0.913469462,28.05659615,37.56645988
1.270697464,22.19378604,30.01739608
1.943605965,28.26883977,43.90548311
1.615907754,23.42451267,29.58082798
1.252348473,29.40793075,36.74999048
1.039484458,27.90257631,37.8691629
1.261581019,20.70984721,26.66999319
1.497896314,21.22141976,31.59792014
1.939525738,23.87710297,32.0282569
2.3973395,21.58742706,31.04290588
0.961734238,30.38411882,36.65130901
1.455997515,21.88893477,27.08957435
1.195014656,27.51557849,36.2494176
1.698981625,22.76914999,34.72092851
1.338548484,21.62282164,30.2906119
0.627612471,28.44309108,35.09131647
2.165295111,21.28461001,31.87058903
0.749634758,30.46642342,39.4728229
0.173559291,27.28101888,36.82442883
1.496246318,20.56530211,33.11777293
2.148720314,23.37970092,29.41345873
1.111239412,29.49179696,36.25840557
2.194901112,23.35304535,32.01414071
1.68195279,22.74055615,31.06078482
0.813164438,30.21224319,37.4334783
1.974144479,19.87971579,28.56091719
1.677261571,22.8619906,33.76260485
2.224983862,20.60146328,34.38116006
1.129769651,29.15481098,35.32491109
1.73555319,28.62403131,36.89120177
1.611069636,22.449896,30.3076065
0.859562646,31.13399661,35.78178428
1.635634393,28.62580477,38.1047747
1.240402381,27.89126484,35.08761901
1.723761328,21.68322699,34.50814951
2.439881169,20.17586421,29.43325158
1.054560444,29.78759432,35.83585865
0.811596557,21.38222852,29.49874673
1.877656948,21.10948908,30.84252964
0.926758309,27.29634103,38.56538813
2.070287736,22.1981918,33.82053454
2.64434221,22.69271526,34.3131394
1.466857838,22.54944628,32.25884518
2.198852851,24.5616756,30.9446217
1.524656914,30.52376399,41.14123486
1.652473984,20.23899996,29.06315068
1.691571271,23.80548112,22.9254563
1.515605108,22.30321482,30.10602996
1.495173347,21.94124687,21.62549148
2.211543887,21.86458418,28.12363612
1.290758324,22.71599271,25.97154089
1.647069877,21.37419571,12.78996474
1.917400322,21.81483957,28.25630677
2.232717076,22.23493961,34.93839342
1.741764813,21.59817965,27.14125109
1.549480424,22.86087041,26.67846574
2.024305022,23.32612428,27.03556257
1.687637213,28.29471191,39.05080453
0,29.43537818,36.41308782
1.526932456,21.87020194,25.57576228
2.700182901,22.05571068,27.64636245
3.045832101,21.7010591,34.88879357
1.65780433,21.52858104,30.42636216
2.58138581,22.10177523,28.17881727
1.90278578,22.3054126,28.32563205
0.697566638,28.67129453,35.83838496
2.230954804,21.25093856,20.94847259
1.910560894,22.48428491,24.77456687
1.637628882,21.62218752,30.34666702
2.191774025,21.74829096,26.98570927
2.513250185,22.50863054,21.94632585
2.397394133,22.26094999,29.63063541
1.813201977,23.10268696,26.13759539
1.85288894,21.97645996,25.93519136
1.958302743,21.92334582,27.92950604
2.913546691,22.80993061,24.97846096
2.776889608,20.28606207,17.56210272
1.566945704,23.9750681,18.90239689
1.895641075,21.13277704,23.51371411
1.935181001,23.46681133,22.01333996
2.322919914,21.72143998,29.99282945
2.315051838,23.80358865,25.77485985
0.862772569,22.28817223,18.47147518
2.419768338,21.7408683,26.04009798
2.356976024,22.41526265,30.3024354
1.602591681,22.27623538,22.22477341
2.080785317,22.71642795,25.39811593
0.750495005,28.62077834,35.82515246
2.284263624,23.1249605,28.62519496
1.542495481,22.35047509,21.7656153
2.076682535,22.18536392,16.26234587
1.734873888,22.67363434,20.41853145
2.40911265,22.71604904,22.10154931
2.572740252,22.9419739,18.75626656
1.186118518,19.85471423,19.82881532
2.632261316,23.35867525,30.61087955
2.25863996,23.93055539,32.37520138
1.360735279,19.63379407,22.89576562
2.379961433,21.4835873,15.95386509
1.457825721,19.92305793,23.22199268
1.529971672,23.03575393,23.70668505
1.550384891,21.49372087,21.43371588
1.026196956,22.12379362,22.45971434
2.426979639,21.23214955,17.75798922
1.223061651,22.19099923,16.3399449
1.472648238,22.28343235,26.02240354
2.658437396,22.61509644,18.85262943
2.023934564,22.00905152,16.59117561
2.548626484,20.13418813,27.52732903
1.722797806,22.31470887,20.3894616
2.196672834,21.76200603,29.31722148
2.054124498,21.03644053,16.42189716
2.171635879,22.85214001,18.5323605
1.347944009,21.34643338,22.80987786
1.92248045,22.46552832,21.78705915
2.470172106,23.27315106,19.33723473
0.558608982,21.06987941,18.97008567
2.04844528,23.63237923,14.78015072
1.592061048,22.20897067,23.06255564
2.308377209,21.33125077,22.91446873
1.825256948,20.507408,18.69062537
1.901535148,20.55601779,18.87902036
2.571279729,22.00775061,23.32344551
1.33251119,23.18955401,17.97334472
1.774908138,23.50863071,26.59863451
1.53812586,23.08844714,17.23453954
1.871683927,22.83647713,8.401456383
1.629478973,21.30736263,12.06189298
2.508363898,22.20212103,21.91998614
1.987353857,24.35413199,13.72159595
2.342812332,21.88199931,14.48420754
1.767668352,22.17290862,17.84731678
3.003729505,21.41853971,10.48794013
1.607255692,21.70782656,20.73029234
1.648291913,21.96864772,18.1187733
2.253553239,22.14268924,8.58796569
1.005186139,20.93349845,14.10490775
1.751215606,22.19823349,21.53444947
2.257822909,22.57282572,19.41025079
1.649323127,22.4142152,11.09291016
1.525037299,21.47466603,5.977559487
2.336414373,22.48125309,14.28895335
2.041109734,18.64699852,10.38293529
2.053530872,22.7748936,18.80981974
1.424553335,21.08153002,13.13079072
2.389425805,22.59662154,14.95816487
1.664994147,22.68870514,6.449451089
2.496997987,22.13712175,5.300164276
1.48158011,22.96197415,13.77375861
1.768897265,21.10702485,9.176567841
1.554770419,20.45879432,3.221429396
1.780602798,22.60620279,6.016985805
1.327255167,24.03099941,3.891937042
1.788354581,20.95067586,8.150816045
2.299376761,21.85947564,8.30307944
1.692559793,20.83823904,4.610858205
1.08631836,20.90961349,10.78832952
2.332067593,22.96363501,3.805451306
2.349048463,20.82483392,1.214759571
1.148395321,19.33530952,7.952901466
2.342051643,22.10561402,9.643875861
1.905562679,21.99512559,8.491982706
2.00003138,29.55234771,-7.656256919
1.031426709,28.54575255,-5.183253513
1.555157088,28.70687565,-2.442973809
2.008517087,23.95250396,10.05734526
1.399733976,20.7688435,0.427476002
0.783154933,20.55399036,0.986664557
2.147341208,22.47565799,3.090241871
0.845210872,29.06201803,-1.529571363
1.439025676,23.64923311,5.223131433
2.079577782,20.30252174,10.16654788
0.278288874,29.13436493,-6.585909883
2.229494072,23.66766004,4.988127783
2.301868212,22.40959376,8.130190144
1.517983659,22.18518176,0.019909645
2.683122514,22.76007207,2.791334661
1.985480063,22.49865282,5.154880928
1.619752503,21.78063908,11.30177362
1.339563482,30.9148467,-7.575561337
1.839408803,21.76348198,2.699859394
2.037172467,22.66072375,2.802158454
1.158176874,29.07050328,-3.045468953
1.22786359,22.74502464,10.9999956
1.307020918,22.2714495,2.713570686
2.277130852,21.95805318,5.603770228
1.009875235,28.86841349,-3.029115265
2.101999881,21.542911,5.087834332
1.238568872,28.95143364,-4.129778953
1.066465052,28.67578405,-1.746309192
1.852046346,22.66719297,1.362887012
1.605075793,28.85487748,-2.417589392
1.264473001,30.2787827,-1.253974996
1.687876985,22.41430773,3.037512138
1.606431502,31.87313334,-11.63518845
1.499469899,22.07352492,0.070168867
1.497179723,31.0698285,-5.409975044
2.338098178,22.25381638,2.934950104
1.471152121,28.15028254,-5.966332901
1.593629835,22.94957197,1.768381025
0.82424117,30.34066518,-1.507641003
0.987404711,28.44687289,-1.213144858
1.549314402,22.41892349,10.86426714
2.900043381,20.43150148,6.511238617
1.416566131,21.24252567,5.328314481
1.903840978,20.95456365,5.478616369
2.109056039,22.17687405,9.700623515
1.418416603,21.90314119,8.93162898
2.568651986,23.35301975,5.710040289
0.73478178,28.53703006,-1.180471006
0.838963321,29.41719661,-1.403304991
1.796045721,23.32547549,1.526432405
1.615547856,22.92485913,1.080127205
2.029663873,22.35062457,4.408911294
1.886395291,22.99701694,0.02500982
1.190314777,23.48164325,7.612544066
1.7043985,22.03537046,5.881932878
1.192327495,28.18701734,-9.009189958
1.605683967,22.61930491,1.850678946
1.597971261,21.77691327,7.614909568
0.979610848,29.8386476,-2.240853979
2.227121073,22.64778178,3.85829777
2.25976186,21.8800022,3.581665094
1.796760868,21.76192905,8.558093368
1.466826586,29.70626709,-0.886495284
1.69081162,21.36048049,2.188674924
2.04935481,22.7240046,9.336065496
1.538781922,22.18973521,3.760897628
2.159260384,21.31860808,5.707895475
1.248283744,22.42767854,17.91050594
2.167854886,22.14198426,5.400890188
1.213152363,30.6889496,-1.477272092
1.156519212,23.80753111,13.87395191
1.52275598,22.05918282,4.750420617
2.716854106,21.99276624,4.162866697
1.827419827,21.30144543,12.89369943
1.103504192,22.42256826,9.625389156
2.170462963,21.91815943,21.28985745
1.16119688,21.15892404,8.061797638
0.76589291,20.74940985,11.57627175
1.883340239,21.66928622,11.02797028
1.603952582,19.43533893,2.191600741
1.632195158,20.85850483,11.05275174
2.32305965,21.5384132,20.69202081
1.363610787,22.47121054,14.15973874
1.644292467,23.05047141,6.246209415
2.506217122,22.5568107,13.70550837
1.587377988,21.7427929,12.13200161
1.945054363,21.93376547,16.42342403
1.425184895,23.00748667,6.210214685
2.645029946,24.22353338,16.38535684
1.821956913,21.12351789,16.95589654
1.874230893,21.34385474,9.284392788
1.907242957,22.80771266,6.703934696
2.003992102,22.15008395,15.86981083
1.759859939,21.93146863,16.24922958
1.115107333,21.91783344,23.58953308
1.618533083,22.58111651,17.68066818
1.045492234,20.98001232,22.08602277
2.11066392,22.43135345,24.82828015
2.573284404,22.43480837,21.22392928
1.933638696,21.88983789,18.87718464
2.501590352,22.87022945,14.57046224
2.67197278,22.34381229,9.234939998
2.152066782,21.85882195,17.06000809
0.463460583,21.89578686,21.54775
2.251692915,22.94503034,21.16334885
1.72479626,21.9096198,19.49796502
1.143215457,22.01559526,24.79977182
2.860501111,21.79327503,16.78705469
1.912858675,23.5540221,27.90846398
2.057897987,21.33825802,18.61427911
2.177043895,22.10409316,21.6398994
1.258735896,21.14358938,16.46620346
1.881443716,20.66968466,18.99266634
2.751302711,20.40244572,19.47781088
1.94282438,22.52421513,19.12734167
1.620712414,22.88706503,20.02542374
2.445386612,22.72433396,13.41079798
1.218055828,22.15746577,23.88522108
1.725999484,20.527221,14.97814562
0.758611717,24.27998997,23.08225486
2.456490102,23.63791639,19.25285691
1.489866877,21.72436931,15.20214559
2.555119064,21.05988667,23.90497051
2.209113432,23.02947468,14.77997563
1.493302365,22.25703394,31.71564516
1.752959564,22.47201662,25.10444269
0.928531934,21.70881439,27.12942127
2.470862534,22.44161666,14.94600463
1.636483424,21.22390709,25.88637242
2.064544882,20.11303625,18.32829401
2.02126843,21.27641831,30.08608882
1.922511511,21.61777894,22.15205059
1.866326328,20.60712677,8.508609299
2.146214877,23.99160754,22.68615369
1.495949365,22.73982158,22.71446569
2.299273647,22.00993856,30.22074577
2.483298161,23.98606978,24.71630682
2.667064562,22.85998716,26.30531906
1.366701095,22.45558583,27.4961008
1.679447753,22.64714204,28.09424902
2.335105163,23.14635784,25.59190367
1.394554066,20.66845976,24.08629301
2.589938292,22.49885414,20.96182133
2.086510132,22.0873796,26.33779388
1.056944699,21.68336688,15.23439412
1.559332695,21.82591558,24.5041087
2.175813218,21.6322951,22.57056244
1.786357954,21.97036114,21.81595877
1.528817127,21.59219793,30.40350717
1.42973181,22.34867449,28.57859026
2.808455466,22.1744006,22.79957732
1.657101323,22.04372821,24.87996565
2.546096893,22.26673596,23.91512832
1.916485801,21.94535931,23.42404616
1.403478532,28.01447893,35.64027432
1.569217528,22.1499782,27.83299906
0.982396904,22.79048131,22.47622219
1.886511685,21.18901807,34.4912128
2.226414162,21.72240945,27.47306792
1.494137903,22.01657095,16.89916643
2.711161731,22.57049206,28.06010613
1.30017527,22.03512478,29.62135884
1.820951736,21.82665524,34.91543767
1.372224387,23.19966394,28.92718892
0.677914761,21.41181081,22.56736455
1.513933079,21.58174017,27.18842093
1.012405243,26.41488743,38.00330159
1.125214521,22.95907191,34.55048921
2.355895852,21.75810205,26.92486033
2.637604623,23.4451395,33.9177996
1.412573957,24.27583864,33.91848846
1.66842851,23.44588781,23.25260889
1.590647443,27.51512738,35.26554301
1.312325966,23.15677623,24.55126901
1.499246759,24.75539656,33.73487613
0.86020562,21.10271884,32.23508035
2.157489908,23.03245138,33.74416064
2.176923461,21.01468458,28.40972399
2.030746092,20.72362728,26.38178545
0.666456092,28.17023528,35.14313156
1.837926859,19.79053702,28.36800841
1.831415321,22.98281854,27.22136829
1.035217612,30.50392838,48.12047789
2.055279869,22.08567539,28.95260084
0.179335176,28.9660684,39.94192287
2.811422493,20.1389371,27.79242358
1.890822179,22.35893193,34.13957087
1.138404954,21.41400781,31.20481462
1.460871422,22.01838884,23.8848704
1.652229804,21.48618729,33.08442048
0.899602323,27.63720158,41.22070299
1.342310486,28.83492045,36.08541293
1.942029988,23.2873981,33.61461644
2.06560511,23.07486155,32.11403675
1.992936624,22.1555394,27.0434428
2.292561591,23.04766908,34.20878481
1.60183678,21.5929945,28.37318648
1.202565526,28.06456264,36.89395466
1.520452169,21.93319247,33.87299906
0.7823854,28.99565008,42.21734033
1.963674505,21.57220272,27.74888721
2.185963839,22.93758594,34.59000583
1.865536522,19.9399875,29.84027776
1.035671898,28.57693994,36.92550099
1.682667841,27.73097527,38.37714807
1.496701494,21.47473027,32.75625234
1.294846652,23.36341262,28.06754244
2.176433571,21.31460526,30.21467319
0.494526734,28.31578439,38.90614192
1.672453621,28.1423099,38.86107957
2.396480632,22.54159184,24.34710676
1.394791961,21.4938735,33.33880872
1.39024922,27.54641079,36.70044046
1.172257674,30.03168035,44.74774206
2.910931658,22.78375406,32.71275221
1.710272113,21.87139363,33.28385912
2.094462331,24.1221826,33.73951522
1.621266034,23.07674025,30.31088594
1.871205435,21.58261718,23.84015954
1.677802982,32.60354546,35.9951337
2.440077868,23.17322167,33.42395015
1.50821797,22.05158927,31.0168266
1.681717847,22.11824758,24.91262284
1.753978131,22.53286864,32.88272347
0.622936732,29.24401236,35.02376569
0.73844002,27.88763833,35.53025661
0.824171589,28.31130074,40.90860576
1.58733058,28.82638898,38.19458949
1.877507917,21.43481162,27.70867736
1.617881638,22.16182895,28.97826367
1.378365323,31.67981997,35.24821507
0.620571783,29.00970892,35.65887806
1.16666313,22.10939452,29.46043485
2.198326623,20.91919739,18.86367725
2.181503705,21.77870479,27.3862603
1.95909069,20.32516415,29.49198703
1.945388146,22.82213337,27.89687917
1.470778503,22.22680522,34.77058012
2.458158492,19.83570751,28.09072091
1.89623137,21.41096907,30.38478048
2.393567665,20.4305629,28.59002154
1.111410957,22.16220515,27.44984967
1.317876723,30.09545878,37.56258056
1.713792967,24.41609205,29.17903779
1.02131682,19.61252667,32.57419277
2.996580162,22.48004303,33.24764516
2.112488593,21.70936607,34.5276082
1.320994278,21.26518158,33.74774849
0.615836438,21.27639432,33.56960619
1.451173098,28.5162875,35.40265569
1.410086516,22.19749423,30.35723548
0.952582903,29.98584377,39.39993751
2.43413839,22.00746959,32.72986899
2.452438813,21.78215373,32.75032952
1.002625146,21.08661804,30.31920783
1.350864107,29.04958183,35.51278577
1.154749566,22.08934436,29.87652282
2.051708822,21.60962105,31.41882542
1.296144718,21.85923692,30.68919002
1.75825134,22.39241426,31.0286024
1.139415826,28.99201958,37.85216161
1.076151856,30.70853171,36.05996463
0.971258385,27.78661597,39.33807885
1.376644382,22.98577286,20.31766619
1.952532238,22.17161184,31.52403264
2.192341019,23.45958565,29.82485871
2.127940841,20.40067896,32.09829521
1.015613527,29.30792413,36.19876057
1.193770243,21.61915892,31.02574016
2.277527741,20.86569483,27.85050837
1.504396767,22.67060138,25.14706516
0.902705474,29.06881398,38.97096879
1.615482123,21.72277178,25.59573303
1.940239302,23.08395944,24.95786755
1.603440994,22.39529552,23.67344478
1.568981278,22.18425849,27.72612911
2.067716797,22.65834904,29.50425251
1.257639622,28.99014969,35.9063352
2.019911077,22.96814781,31.6205962
1.677650063,22.4555701,23.02850139
1.912942498,21.84136383,24.53664043
2.57658407,23.46280659,29.32607869
0.732347331,29.67579305,36.19721661
2.481023777,22.3739585,30.36648941
2.520539795,23.14675535,34.82561783
0.424757906,28.15940977,41.00441441
1.647474363,21.61680431,23.03384074
1.795734966,21.47802859,31.89655553
2.003601275,20.30742811,22.56046654
2.46874443,21.25651783,34.41492826
2.487306211,22.91244883,26.2825254
0.383666753,22.74748141,25.93062309
1.460612663,21.05786366,28.97718144
1.15036492,21.59351693,31.84843346
1.056326067,28.39387353,38.18724605
1.103433193,23.24255364,29.27546306
2.541469757,22.52531971,28.93906985
2.429449219,23.36005524,27.04453701
1.399308395,21.70619685,26.51507293
1.556071586,22.62263779,17.99655877
2.370807044,22.72155248,18.10198596
1.764472066,21.30581662,34.19195091
1.428776539,21.58362502,26.4135358
2.108339293,22.12253491,31.39736927
1.295032412,20.84402185,26.23891034
1.366031227,22.93639069,29.90572358
2.571509978,19.72104177,31.06252715
2.789672196,24.28439595,25.90637217
1.829378924,23.05102185,12.25033198
1.208001927,28.86108024,35.41836773
2.236500142,22.50500925,20.82505312
2.142571647,22.12971806,21.36593903
2.237245108,22.88154296,16.0761113
2.337292675,21.09474486,21.76355436
2.315599061,20.13008759,24.6484507
2.360950021,22.78941573,21.55318778
2.489224991,22.62193557,15.87104897
2.298780044,22.61208481,24.43754827
2.675431221,21.44055855,24.95021825
0.793362997,23.13214334,32.73256735
2.27444933,22.62600953,22.8704335
2.353067462,23.20596128,15.23696339
1.687528014,23.18968217,18.82642828
2.670089151,23.48894438,20.79332732
1.454534196,21.12425315,24.1610083
2.658478036,22.48864591,24.81379802
1.157803017,21.58386919,16.06161879
2.376191382,21.13448034,18.29641392
2.4639867,22.41954942,24.20037646
1.348801366,22.41567206,13.33354055
1.868724029,21.28846822,23.9923114
1.976057904,22.70377893,22.84543967
1.911899458,22.10306671,14.89943655
1.140237393,21.68121678,22.20531719
1.580815367,23.96848624,25.70120199
2.006247272,22.36670505,23.4786071
1.241875295,21.09833377,3.019813716
1.324675157,20.86106769,16.78156384
1.702713806,19.30685304,27.01322013
2.423010618,23.63240376,9.130183603
1.943973596,20.75929275,14.13262685
1.068545895,22.89570254,18.29672701
2.125988116,21.20748264,16.66019722
1.543837206,21.40628397,15.60787638
1.827572211,21.57988343,15.12769449
2.145315878,20.71114443,29.66803458
1.019444829,21.63547558,1.835251673
2.139917508,22.87925463,23.80534942
2.135238329,23.17800814,28.34489251
0.796445447,24.06464199,12.02868649
2.165184237,21.20124157,16.84372429
2.426180485,20.97898699,17.29645785
2.239081386,20.46811416,3.670860963
1.728136199,21.54013952,13.45551423
2.080231207,22.55183163,12.39903155
1.890735432,22.63822099,14.55063191
2.525388839,24.17502636,25.07344348
1.914106904,22.32303139,21.01630622
0.91743898,22.85897889,20.99633661
1.468510568,23.14525603,23.53572097
1.601194139,21.6276476,9.995310358
0.755589794,22.35798016,14.75325898
1.244537634,23.69158756,17.57175922
2.620423229,23.46009255,6.73633969
2.194070338,23.54108396,11.02822022
2.709432472,21.63417758,9.704247102
2.380419805,22.4885311,4.481168247
2.511999059,22.06552327,13.15410307
2.096509262,23.61049874,13.65300851
1.23581854,22.27797902,5.931556347
1.506520938,21.28448093,11.69108695
2.140180383,20.98426464,10.72841845
2.246627427,21.41935085,4.116380668
2.110479841,21.74462361,5.496450301
1.3868467,20.75474437,13.04126923
2.425249726,21.78226864,2.720269086
1.957473494,21.99307909,10.17665451
2.247719806,22.0060001,6.509347327
1.603783337,22.01266498,13.93846526
2.258639261,22.71898187,8.472704029
2.36204028,23.27857783,2.296091665
1.272397335,22.05432042,6.401404797
2.771885893,21.41885388,8.322996286
2.481985858,21.70439848,6.549150886
1.91216723,28.39933608,-2.639712391
2.18094779,20.99467093,4.733305196
0.950076351,22.19817764,0.639289546
1.403718749,23.30425446,9.296300599
2.372712358,24.79408283,11.28484631
1.342291494,30.43696832,-0.911574869
2.039091998,20.54850908,6.535138804
1.12663827,21.98852353,5.383294409
1.468541678,20.98943415,2.081816696
2.202023508,22.50620256,5.345225321
2.240962179,21.03369952,9.67693502
0.847685157,28.99209279,-1.553806073
1.978494257,20.89959856,3.227073277
2.166365888,22.02124296,9.221128731
1.496232159,29.96211208,-3.313694835
2.344447587,21.69794028,4.496599773
1.905650957,23.53612283,2.358841494
1.338699358,26.99448335,-2.674755145
0.425184396,29.17305328,-7.238054398
1.035854125,28.01195557,-3.504539593
1.829803048,21.50139053,7.710492551
1.467612188,28.32285069,-0.607380393
1.364818506,29.65955323,-5.400934962
3.144628006,22.73312243,1.027326547
0.355505251,30.14144649,-11.23996404
0.656461393,26.76641703,-0.195770709
2.671687736,28.02275641,-1.581661845
1.503103619,29.31166821,-6.674092351
1.197945638,29.76768961,-2.221104752
1.007226521,29.52198043,-8.648462594
2.092747567,22.54273386,0.616297194
0.670156026,28.83872581,-0.814672384
1.462709733,29.61706454,-0.573033561
1.001890182,29.26977923,-3.896566641
0.923331003,29.69287246,-1.494404903
0.968852931,29.21346972,-3.86590946
1.702489059,22.14268275,8.188347183
1.477614204,29.63091966,-8.55777715
1.475517541,21.72358159,2.486384485
1.050404132,28.36749213,-0.267533545
2.28106849,21.60723492,5.910219558
1.215692551,29.10391104,-1.504185033
2.027048656,23.45039284,2.69304198
1.634686893,28.913679,-6.002079568
0.783205489,29.18894432,-7.369888683
1.813748019,23.00144087,0.265209043
0.041639733,29.04055331,-6.696694316
1.975446636,23.56953014,4.918201423
1.802379153,21.70201805,6.753565855
2.15181165,22.71088088,7.710253271
1.889324991,22.31006977,4.120002423
1.245592435,21.60892842,8.114940803
2.090796298,23.31853743,10.20696529
2.215721459,19.83939091,4.474176979
1.762374621,21.50311661,9.020823541
1.564907638,22.25392,6.702401576
2.759637961,21.42766188,10.86886434
0.534420136,29.56034283,-1.370714541
1.081965933,22.09600143,6.398406439
2.594062122,22.8913331,3.821557108
0.802850512,23.84458534,8.077469666
1.797670836,21.2923894,9.584122749
1.129290143,22.36361541,10.93035023
2.136604175,21.83002628,5.241315838
2.180101653,21.00492734,8.277374007
1.260729217,21.41563065,11.18663607
1.819964977,24.39100702,10.77598546
2.349430947,19.76923264,10.74475241
1.981125997,20.6112963,5.424612479
1.641576342,21.40439579,6.974424435
1.000269669,21.91012438,0.804335322
1.629662904,22.50000196,8.562572456
2.169893698,22.02615867,8.081432127
2.296736853,23.34068726,15.23367695
2.013634769,21.7358007,3.863772691
1.668855337,21.1896712,17.46864454
1.996306627,22.79659751,10.21737645
2.454288893,21.83061251,7.09979406
1.935456957,22.24732371,19.15337475
2.059549035,21.24282528,12.132402
1.064438518,20.67697833,9.812376103
2.313630298,21.63337897,16.77589114
2.055213924,21.76576412,11.31234578
2.393848383,21.43821406,6.053376885
2.357719001,22.55068089,22.81521298
2.158733289,20.56231408,14.03331769
1.598162035,22.37718445,14.26682981
1.33414915,23.27758969,7.800065093
1.508219499,22.13286118,9.177119315
1.924352275,21.60985629,14.68890703
1.782487931,19.76662574,11.50246694
2.394165794,22.37517377,20.4168979
1.185564265,22.21537512,20.96003415
1.902787017,21.31786048,18.57205735
2.373315109,21.19827505,23.98089914
2.427298268,21.68307198,17.58889788
1.445330428,20.99632773,22.86694222
1.850913909,21.83800865,22.56235725
1.630426813,20.42121872,25.39720819
0.969382687,22.69559231,20.42100109
1.271891521,21.21591669,11.64186619
1.61949066,20.9154052,21.74878054
1.979320926,21.86436953,24.04274339
2.807607065,21.65294459,15.50609684
2.228367078,22.57096119,24.38063085
2.406503617,21.05551975,15.92031236
2.382020036,23.14201203,22.48469721
0.714158612,21.30055231,29.53830505
1.620746175,20.57647539,18.98352964
2.124425783,23.02942725,13.66877557
1.777697877,22.39928657,6.829613541
1.80449445,21.85554011,22.16919281
1.662860052,23.45299224,20.9642382
1.525744288,23.08209781,23.01758018
1.701513009,21.58214959,21.83443468
0.749995914,21.98547611,21.23780662
1.893223266,22.87967117,20.86991498
2.357255713,21.86072793,17.74343451
1.996635982,21.74615891,29.12045279
1.363480702,23.97504161,20.31978811
2.161119604,23.0033514,26.31423354
2.153116993,21.9890588,20.24789564
1.947125044,21.36964812,18.89759295
1.088286288,22.82731492,12.01569054
2.750621695,23.72232439,25.60475361
1.913269708,20.35597614,24.1693321
1.233854535,20.92094883,24.0602296
2.456289697,24.0249011,29.73235256
1.614250881,21.14045087,26.16776624
2.422640699,22.17402771,22.3348695
2.076502766,21.69634133,21.3292575
2.243218177,22.8950867,26.05652103
1.922508715,22.09071688,29.87727729
2.567528713,21.90321602,28.85578127
1.552258479,19.77664959,23.51560569
2.178376015,21.70885984,20.80034496
1.559337984,20.80993531,23.08975557
1.715351112,22.2865122,26.72867146
1.846996828,21.63169384,27.14011144
2.949776051,22.24958151,30.5918792
1.288777156,22.84132425,23.32223626
1.74750157,22.32946338,26.07248519
1.479791167,22.07151869,31.03848825
1.716675255,20.43810489,30.02385592
2.414723718,21.99503413,24.00644117
1.922742674,22.53124369,25.04452425
2.232845309,21.05539488,20.97767606
1.794821442,21.13424197,29.67355559
1.671967225,22.66989508,27.47037295
1.427431401,21.74945454,30.90230194
1.617481412,21.8140118,31.78679934
1.243418258,19.83231621,24.46520556
2.010694809,24.89504747,31.70684707
1.763403391,22.72078877,34.03130339
2.209223257,21.60608724,17.30259444
1.920565346,21.22408108,27.59366193
2.63482894,22.0832051,29.70886843
1.521752092,22.03077406,27.57107115
2.44084474,22.80021862,30.29919947
1.476634452,20.08329593,29.98827391
2.33475903,22.50206126,25.70679577
1.148591754,23.59586834,24.35549586
1.708953102,23.43555122,22.84334192
0.677441722,23.40030103,32.88566415
0.950776555,27.62387433,40.54927268
2.261116387,21.61824807,29.1914932
2.371152251,22.45025488,26.94561617
1.563640698,21.9073343,25.54729378
1.340151324,29.01670328,35.5875826
2.173234903,19.44319683,25.59925301
1.006617787,30.41002031,36.40832288
1.025273408,23.07704594,24.62593182
2.115064284,22.88138193,26.49114751
1.888986981,23.34334895,24.10264192
2.292763476,22.05982091,27.99295725
1.942744045,29.5116955,35.12910699
1.839196081,21.83241337,34.77834858
2.278916083,22.77962561,26.04264033
1.772378163,21.265599,32.81280336
1.715068581,22.58704042,29.02147325
1.654881661,22.5157211,32.27119387
2.961888967,21.73172722,30.97877526
1.092354678,28.47990713,38.49274811
1.596487819,21.4328739,34.86284016
2.478934173,22.02281223,34.2872047
2.116622203,29.34218537,40.02722951
1.132608961,21.69929448,29.98193748
2.692796214,22.100057,24.66373209
0.520382744,26.83856555,40.13483784
2.11198429,22.75032414,22.39528239
2.356766284,20.88968356,33.6286621
1.745299802,29.83971599,36.28929071
1.537400735,21.44338468,24.89841411
1.485104362,22.00661698,31.75170265
1.004569548,29.97046552,37.98699797
1.592701533,22.90275913,29.35513016
1.59586339,20.69054837,30.16665484
1.5781994,20.15227134,31.99957584
2.155872581,21.92179722,30.85092034
1.588124951,23.2621397,33.83350195
0.715233453,27.35520151,36.25184298
2.145059057,24.21987764,24.24807638
1.449383271,21.40059747,28.92006062
1.337183607,21.64076555,32.86445367
3.319389382,22.83571036,23.12184606
1.723412226,21.39935624,34.46650263
1.86014444,22.095536,30.95825172
0.538197699,29.69933219,36.54493813
2.262098635,22.32255862,28.72341241
1.417185273,22.96042578,30.51110092
2.531623623,21.62839969,20.89817633
0.548562559,29.94867438,35.01283429
1.123469704,23.32471869,27.09103403
1.203011769,21.18645978,33.67891418
1.714261222,21.91087956,28.17336126
2.832433313,21.63813363,30.4714334
2.092349764,28.85184696,35.50363607
0.960695589,27.58196335,38.14978438
2.143987428,20.88613142,29.10859437
0.910158562,28.32447837,36.02425775
2.576290017,22.39387856,26.99635522
2.102403236,21.42046808,25.1912504
2.277306431,22.166599,34.60197655
0.847768147,28.8641924,35.67728846
1.864165027,20.64650408,34.47048885
1.751011655,24.04378454,29.51251094
1.169978839,21.61973172,33.41522797
0.43861994,29.72512887,37.16117403
1.641928987,23.29294802,30.95849196
1.413111122,23.30728202,29.96250326
1.768597142,21.29643328,28.22937854
1.58686704,23.06257857,29.26380033
2.550327098,23.32867777,34.39976888
1.44310962,28.0537297,40.33363599
2.219710477,24.08229764,29.02203761
1.276565534,28.34222384,43.80517668
1.308314273,22.77239338,34.95184539
1.401755779,26.88331669,40.60645033
1.638468329,21.45427889,33.61339296
1.152095686,21.52775506,28.57521116
2.52094329,21.69444569,33.40206433
1.376832562,29.27238154,37.81436169
2.256210041,21.56205616,30.92702034
2.066209126,22.71338341,24.94140683
1.75477121,21.56016706,33.33571294
1.862895389,30.49096177,35.29519903
2.404321633,21.52253883,28.46995913
2.039845512,22.6487564,28.87673344
1.71842362,20.07802217,32.56106567
1.749027923,29.82602965,35.15090398
1.630411682,22.24267607,34.51973432
1.39667149,29.70140449,38.14225968
1.452826062,22.88787062,21.90796125
1.832962242,21.91031034,20.06805852
1.762276888,21.89273125,25.20163245
1.575835958,22.83735152,32.31801077
1.037867559,29.47630393,35.66533692
1.886418278,23.42713205,33.84434711
1.569410277,20.36850352,20.38775302
1.323130415,22.78964624,32.24834563
2.566902905,20.54809196,30.23395657
0.716171602,21.49797742,27.99250366
1.618563195,22.74294399,29.10023921
2.003751766,21.2442795,30.29067519
1.316370615,23.53183293,33.82190405
2.228440351,22.34963477,24.74568331
0.689587666,28.21669368,41.03854229
2.891835384,20.64411365,28.48856667
1.623840028,23.2558914,31.89821904
1.314865565,21.84734204,27.83889554
0.848925281,28.99621128,38.88555098
2.393199089,20.95869694,19.41545449
2.019577115,21.2046789,21.64586846
1.397170988,29.09687747,36.88386073
2.951600843,21.77963638,24.12385357
3.027805254,21.94158113,34.48901075
1.573538421,22.47768793,21.62915337
1.10979547,21.20913244,34.98912299
1.984939596,22.81355692,26.46632438
0.660027318,20.60649616,28.51803661
1.750566762,23.2982481,28.96196587
1.876553001,20.99190645,26.14448845
1.637084128,21.88859851,30.86103223
0.685083013,27.91200692,35.92800947
2.268871821,23.34754632,22.73064902
1.496239219,21.15113763,30.13217031
1.620343835,21.28020233,29.19721434
1.354151915,22.53896501,28.25399469
1.958215634,20.53220572,32.22915272
2.395012478,23.98089003,22.17587896
1.934949324,20.32046421,29.12728657
2.321441974,23.86044024,26.19303823
1.821586776,22.08251566,20.7927316
1.337722791,20.37179908,25.12159706
1.817663216,22.31118822,25.93489623
0.728756538,21.29685591,20.91126848
1.730540511,21.04886847,26.1074749
0.972316705,21.65472087,33.50827932
2.355315219,22.72851436,27.52944894
1.207851979,20.84064636,26.74956719
3.080817309,22.22653049,25.63237299
2.18291006,22.56314948,18.25288512
1.889369272,21.27109796,20.10183862
0.897354126,21.04628985,21.72107172
1.688329049,21.58420125,20.33793738
1.875798405,22.80073467,25.88469832
2.935055054,21.70947404,22.28339875
1.74706218,22.75392697,25.94998941
1.980068811,24.1518109,24.42153575
2.428996157,22.52533201,27.35161232
2.06157959,21.58111298,17.33613334
1.367419387,22.52715608,17.86660731
1.725719676,23.22167659,29.024449
1.680947348,22.37548314,23.5918539
1.430179457,20.70384435,15.11223537
2.319090209,21.37112354,18.86319208
1.314123382,21.53570219,21.95529476
2.370647761,20.75374132,29.82009333
1.091605037,21.39786657,34.09035081
1.789543382,21.60282008,21.34224183
2.661176507,22.33509195,21.78374683
2.157584342,22.43786051,17.26513565
0.998183906,22.37742119,29.83996703
2.252989432,22.31031045,22.27831155
2.469927285,22.16146368,15.92353853
2.033881329,22.53395731,11.97000496
1.467774027,21.38566999,22.17760107
1.382019371,21.28261658,12.16505251
2.564020686,21.1662912,13.41954033
2.443429743,20.49563295,11.67350557
2.048572169,22.01176321,16.61866342
1.813415318,23.11536308,27.11275234
1.309135474,21.82484492,15.546022
2.40533818,21.56887311,23.35558815
1.602556289,22.53877277,15.61205136
0.425190122,21.39267603,22.55470221
1.802649793,22.01025533,12.01568873
1.68715751,22.54622445,19.11242057
1.802608447,21.50439533,20.76337409
1.662000718,22.75964909,23.88272743
1.458154168,21.96269997,17.07769795
1.688997459,20.46886274,16.0167054
2.055016192,23.54648346,18.38770705
1.446661449,20.97432433,11.48795745
2.221651067,20.03939891,17.88784803
1.994861109,23.68059218,12.35664695
1.021301521,22.29221229,18.34086145
1.825297062,21.2039332,25.2330149
2.077389415,22.41443956,17.81150717
1.8623447,22.5424154,26.03918933
2.195327559,23.8056916,11.47152957
1.80466901,21.4666951,12.1257146
1.6595022,23.65863871,8.689318446
2.462541792,22.49930178,11.72265864
1.980765174,23.09332223,6.002138988
2.007937113,24.20341918,8.676121023
3.105617641,22.6226866,11.90292256
1.976699169,21.9647735,12.39942339
1.384076981,23.27214859,9.624306613
2.073496934,20.44430274,11.72521352
1.738954391,22.32067244,7.086442176
2.024932155,22.32031449,10.43968222
1.899562647,22.85066341,11.92171547
1.77157359,20.67699036,3.793373109
2.057185004,21.56007649,15.49333089
2.189159152,20.87053777,14.91736527
1.928373564,22.23677392,6.479022416
2.167009057,21.28741782,9.684084657
1.207113459,22.58774638,16.35376411
1.475699697,22.67686468,20.40764451
0.980483924,29.84667499,-1.613442367
3.096995808,23.2221085,5.035674206
1.112114997,21.94614635,10.15090388
1.625276828,23.49605133,5.641122446
1.67090078,22.49240516,7.381627621
2.517400501,21.22104764,5.929994057
1.095189328,21.9913601,0.827459938
1.976958676,22.02311245,5.925293734
1.164758666,21.93819089,3.370443153
0.624863945,27.85642433,-7.447124039
1.123462136,21.40420431,4.687011868
1.968792513,23.23510758,8.811791471
1.711212242,22.37915958,13.11269594
1.500504523,21.77327446,10.84395056
1.820911013,23.06037847,8.234391802
2.374309926,21.89046498,5.454846207
1.66238339,21.04496013,9.230729748
1.7521072,23.41823444,12.64646098
0.761673474,22.16743313,10.30860446
1.697851146,20.95455645,6.393635607
2.119817941,21.75820165,12.3155333
2.301296604,21.8071872,3.855998114
1.38783014,30.93774811,-3.365213164
1.800907471,29.37437782,-3.539931699
0.357946493,29.7591085,-1.400392394
1.737027782,27.98548117,-6.229212036
2.020178223,22.33711401,6.580810069
1.99251621,21.22900449,0.087408682
1.926077689,22.61258987,1.877358061
1.226128459,21.79816367,4.364928423
0.655055516,25.78997858,-11.32939482
1.19940078,30.91069866,-5.486594429
0.735777251,29.34897359,-5.278867152
2.156454489,21.33623276,4.712663272
0.722869733,21.01191959,1.979415074
2.689451161,20.95477083,8.63794789
0.660568935,29.357059,-10.96472166
1.553582108,27.05479308,-1.092691216
1.598077893,28.2966853,-3.947227333
1.507892871,28.5965695,-1.679087904
1.363652525,28.30633896,-4.346625905
1.677660775,28.89312505,-1.115205349
0.209352348,27.52197135,-4.410056701
1.5655254,28.95316002,-6.936618966
1.897025195,27.68830045,-4.124455561
0.777125822,19.62706987,6.266942343
1.620231657,23.38621211,4.801555439
1.190161841,28.53754287,-2.846048261
0.764133208,30.06369054,-6.858438466
1.999588996,21.32922024,3.988270965
0.823324973,28.48004713,-4.519871367
1.498198856,29.3599342,-0.224600311
1.46562612,29.92206899,-4.6385107
1.719759753,21.4468802,0.766938904
3.309111951,23.10501464,1.271258449
1.339913323,27.22045696,-1.826761481
2.995240853,18.35609795,8.670318438
1.487199951,27.93967642,-0.442118195
3.208336967,22.12129075,6.238895963
1.786255319,20.67664412,14.04217074
2.036459479,21.35882483,14.43711232
2.04266025,21.40060705,9.714073213
2.332017227,20.67029604,5.377361042
3.134089405,24.15380741,7.082362056
1.818264348,22.31556735,5.591364004
2.723720627,21.79142887,1.691841896
2.13879259,22.09808662,3.279221754
2.202626642,23.74125132,13.71843918
2.016828673,20.64046748,9.122916888
2.219836493,22.65797326,8.093189111
2.675256808,22.29067985,16.58265909
2.944247331,22.60656095,10.80620604
1.879846326,22.82001853,6.06012554
2.649952985,22.79239119,5.536323465
1.787773244,21.18820669,9.095551711
1.128153011,22.85969544,11.59371698
0.37950032,21.45051246,3.803742406
1.46529748,28.44500891,-3.272347918
1.817014904,22.12096142,9.658825558
1.144258683,21.70142255,14.74269655
1.958000944,21.68966529,9.688952633
1.849937668,23.66662504,9.829153312
1.656498824,22.58244665,9.154701823
1.7864092,21.37756448,15.85907103
1.327560153,21.65981931,10.72959054
1.470080794,20.74488267,14.40034044
1.374477528,19.39658561,17.63956092
2.003928984,23.44194103,16.40348868
0.978188489,22.32307935,12.09907806
1.679466722,21.3244983,16.08634256
1.730291122,22.38098025,15.56259894
1.464511092,21.28268831,10.6142265
2.098726523,21.49669973,15.28657918
1.700412729,22.43845745,13.45785397
0.755396071,23.40885146,15.48143233
1.858393246,24.73732685,14.71348409
2.531894981,23.69005301,16.53870668
1.857607955,21.24319035,13.50712346
2.558381039,20.53049013,14.85760826
1.591415281,23.20886015,12.87960007
1.677140166,21.15846628,16.14957445
1.38512854,20.51810162,18.39086429
1.345223871,23.09847939,14.92597986
2.008639383,23.48875522,9.235381274
1.058782294,21.80450131,18.74614201
1.819230487,20.6777045,13.81149053
1.559096754,21.05723414,19.03733281
2.229322127,21.05576044,24.49281881
2.366524632,22.32937297,18.69620628
2.395951816,21.62251187,20.3332327
2.02501026,21.74225687,24.67253909
3.010298341,21.69158319,19.87957489
1.564552149,22.61780038,16.2709552
2.665301739,22.13864524,10.9295954
1.625301184,23.47884238,16.72130482
2.473439033,21.36530021,21.50071052
1.617074024,23.60028876,27.98698632
1.684509434,21.47974794,21.3822739
2.108107067,20.94136186,20.85242279
2.308916467,21.20972678,20.25703929
2.487943025,21.49138868,26.76548364
1.333717159,20.00154116,24.27554758
1.694214636,20.24954457,18.72210864
1.457320947,20.98619897,27.95741638
0.79589899,22.78762999,21.77008942
1.574798497,22.85162571,13.32018958
2.316807795,21.47668736,29.84670043
3.275727815,22.9556048,26.13224548
2.664685555,22.59637673,16.09688599
2.171015202,21.92886532,18.46163761
1.090750438,21.54048674,19.72385042
2.223415586,23.30528186,20.24059846
1.203570689,22.93651107,26.56218258
1.844827873,21.30466937,22.4193778
1.451590982,21.13929805,24.96820345
2.251582833,23.77086318,29.5540547
2.344396026,21.08885854,19.65609958
1.708567974,22.25952628,20.40511411
1.835780583,21.52480994,34.50987159
0.553046905,21.35415688,25.24448826
2.202342389,21.12241662,29.84707601
2.409540264,21.36759092,20.6163545
2.011287789,22.51517404,22.35665033
1.514274584,21.23704129,28.13351909
1.288884703,22.40178501,23.82428129
2.39924232,21.39814074,22.90894736
1.624890837,21.93950825,26.0336287
2.201921009,20.40348728,25.28065138
1.630021027,23.03027166,26.33294765
2.051737263,22.66661197,21.39402242
3.272003672,22.52891769,22.38357515
0.987031388,20.07748372,33.7521256
1.615452861,22.1945971,26.38093589
1.433723837,20.93799482,34.1265253
2.11484171,22.19599293,33.02395055
0.903504059,21.71206532,19.6645057
2.613399174,22.0452173,31.76133934
2.281819052,21.55726415,26.27145401
1.559817258,19.03128656,27.18824596
1.945734615,21.38507529,22.33734573
2.256929632,21.59716346,32.28910791
1.369279476,20.70650616,33.92660124
1.468855559,30.64872063,38.65145012
1.763632001,28.6046169,36.61473964
2.019974106,21.54354135,21.72839877
2.27604791,22.14034019,28.28661775
2.11603957,21.76100351,25.84751508
2.023604185,23.35954318,29.31210213
2.61805391,22.94546528,32.90992327
1.190890276,21.69910314,21.5034153
2.124098615,21.13090342,30.16393877
1.679927151,30.72871693,40.1620924
2.656718759,22.84760417,22.72489792
2.231075158,21.02862844,32.17219386
1.693985556,21.81609208,32.04708318
1.592495099,21.73775275,24.63300796
2.590716547,22.92390078,30.34147277
1.528593539,22.94402898,33.42646909
1.764139468,21.7981662,28.57135452
1.64022248,22.30227768,29.27661248
0.892953097,28.35800578,35.85493021
2.319957276,21.53086696,28.40321795
1.870871298,23.23483482,33.36763144
2.482972296,23.16930114,30.04816921
1.589644537,21.75988737,30.54601934
1.556896626,22.58808454,27.56901204
2.056913189,22.72296024,34.50162206
1.969768861,22.19664891,23.64095066
0.639805555,27.50856703,37.2419136
1.877910964,20.61354145,28.54857756
0.98743913,23.51561092,28.94278327
1.445559252,22.10889073,31.53181614
0.918197346,29.5152485,35.83550692
2.581479765,22.86204375,32.41664761
0.727711567,31.44241117,36.91268304
1.705061807,22.90273817,33.678559
2.140522533,22.4167095,31.92421419
0.865810109,28.4937671,42.79518058
2.196117475,21.38153183,32.23970242
2.147845492,22.06205867,34.29862134
0.965715362,26.04378846,35.6767557
1.619196428,20.86953563,27.80812096
2.361685233,23.64507143,26.32489023
2.43459932,21.54193723,24.34382596
2.56164112,22.53434502,28.97388188
2.851368585,23.33535231,34.89128781
0.787491113,29.99571338,41.22125796
1.380982309,22.42572739,34.13459029
1.99417313,21.58484491,31.27380381
1.303002059,20.29148067,22.99823797
1.9696107,21.5137603,24.4326884
1.050004257,27.97654706,44.42721117
0.36050698,30.15617372,37.84781423
2.096253684,28.0318101,38.09721064
0.952605483,30.09629183,35.88834851
2.077237349,21.5149356,34.5041644
1.116562421,19.91903531,33.99755415
1.531934227,22.11226477,25.41095546
2.396648296,21.57201603,29.64454858
2.1419463,22.99107651,27.36262729
0.700188152,29.79369291,35.00428223
2.092568603,21.6337264,34.21992391
1.754741044,21.13238768,32.2826459
2.91858097,22.08886194,33.45619506
0.003105384,28.71848163,36.13083812
1.94841951,23.26868229,34.04505726
1.158938276,22.71733254,25.89570904
1.35136462,26.9994556,35.98658744
1.414171816,22.28659444,28.49975086
1.821836168,20.09321829,28.7101142
2.28949087,21.45194435,34.18591912
1.887224253,20.12335127,31.99711582
1.036803716,27.80174602,35.15239872
1.992572429,22.60839911,28.37947502
2.611738752,20.78868906,34.25928013
1.065530621,21.97835057,32.80190137
2.605710665,22.82440978,27.84583099
2.684981111,23.14482752,28.79325636
2.272373678,22.23244248,21.54187842
1.95471139,23.2980948,30.5071831
1.862199681,30.15568612,36.74286016
2.091721041,20.27232987,26.39063153
2.359839046,22.45812413,34.54374491
2.410061501,23.68631586,29.70931717
0.996776879,30.63855254,37.40840569
1.635805899,21.74350811,33.90288423
1.846796564,23.83367655,33.03598858
1.446975854,21.45921837,22.80572432
3.094734575,22.71943479,24.96769986
1.65097527,22.84082511,28.34562906
2.133318392,22.83772882,32.63316791
0.489699583,27.85678445,38.237181
1.929479086,20.58607414,27.55013367
0.925942598,28.53249145,39.23280664
2.357217147,22.50434387,33.7600181
1.801550398,20.66781163,25.67567932
0.738942431,29.55514736,38.48850778
1.88099816,20.5026361,30.10419683
0.812854245,20.60387634,34.37417299
1.244538089,27.64964338,35.63746836
2.657806246,21.76677777,30.91408575
0.66361861,26.86982504,37.14853753
1.999857959,28.93765961,37.48356885
1.099303824,29.66025633,45.02504342
0.959665819,20.98280994,27.24014458
1.852142673,27.67363076,39.52584154
1.714573413,20.48175788,32.18168853
2.395756991,21.29684253,25.27400701
2.428317089,22.86520115,30.7456513
1.673074015,21.68119074,33.14340816
1.783371074,20.37910498,29.81756785
0.928955749,28.93077309,41.15140118
1.90907492,20.13570194,33.44729423
0.648766353,28.76692113,35.39327319
1.052854804,29.44293448,35.73981664
1.324382294,21.14650107,23.58702202
1.288958943,22.01400375,34.81008285
0.97888743,29.30522548,36.73780618
1.676366357,29.53583043,36.77307498
2.681220094,23.16819294,31.2387717
1.520256298,23.80949537,25.02945073
2.098920345,23.26441078,20.1632662
1.933303231,23.10438029,23.79778049
2.149372412,23.17394663,26.48836347
0.717361346,30.23014443,36.8603576
1.395107896,29.81009502,40.36926922
1.664650906,22.44323997,22.4258218
1.605705728,21.48520859,28.14769928
1.476879735,21.20263542,27.06939586
1.879575459,23.20759099,24.04543541
2.580918469,22.46142763,30.15727469
3.000070015,21.28841627,23.20239127
1.555347485,20.2061723,29.0382924
1.420333831,21.79166677,31.76164453
1.96492032,24.13966625,23.05253763
2.076522674,21.56132548,30.88136657
2.027195583,21.90811455,26.81007873
1.10467933,20.39051672,31.95527879
1.618828315,24.48613204,25.65779158
1.978098081,20.90975667,25.20820024
1.016349065,21.63497592,16.36205736
2.367985526,21.55548624,26.8636321
1.991703851,22.89864194,31.69958182
2.147447584,22.6409283,23.61331721
1.813050674,20.79708628,28.27320099
2.78315957,24.18203205,28.8135771
2.018955763,21.19828732,27.42018644
1.846495202,20.80330797,20.10243146
1.354508569,21.21095573,28.0241934
2.377921531,21.76456376,32.50672053
1.782559302,20.95883881,17.16636981
1.89020864,21.91011371,23.23413372
1.815997946,23.32472891,23.9902742
2.33506998,21.46148192,18.62306073
1.467872606,22.96085953,27.804437
2.012574496,21.73323022,34.60792134
2.036494752,21.57168895,21.48826663
1.740248176,23.15113188,15.30119415
3.652097537,22.39841039,19.92161625
2.176094234,22.52990894,12.67101418
2.438908794,20.47321597,21.65906983
2.257562201,23.63127232,24.44038984
1.87617779,24.04907929,30.0465484
1.605257934,21.97184448,13.47659125
1.712093953,21.57986714,22.48340675
2.399605389,23.02841577,21.55122039
1.658193165,21.67566309,22.14575225
0.564318446,22.30545652,15.683205
1.823806372,21.61361258,26.94346463
1.942184142,22.57023857,18.22955759
1.935398677,22.41233642,21.03461527
3.203189984,21.71588344,20.78132057
2.688530603,23.09696022,23.00602263
2.601446551,20.43499112,11.9554332
1.703504863,21.61634797,21.64787822
1.304023174,19.65689899,13.81587743
2.253208199,22.32509001,5.902640138
1.690971845,21.25077538,15.61256149
2.008629476,19.97561463,31.18181608
2.897899549,22.35942079,19.96921614
1.994576759,21.68236971,16.56099301
1.895653485,22.70217076,19.93924114
1.335812965,21.20435605,16.41626041
1.873394154,23.25615293,20.00180861
1.586536639,23.52128036,14.3578277
1.929288109,19.16141499,14.19700052
2.165080653,19.80804838,19.90222623
2.624018203,22.36997131,11.29126274
1.59654744,21.47322029,13.68863839
1.37572485,21.46433379,17.1226882
2.663387714,22.15016533,15.78220177
1.947086511,22.22769592,15.79469987
1.330998293,22.36532157,19.81803233
1.58476495,23.66153933,14.51577031
1.700556401,22.4743471,17.05251245
2.039366549,22.4016796,21.61187347
1.927683845,21.18514927,12.51282668
1.36136376,21.48624763,12.12291673
2.371911998,21.86175538,15.9072246
2.430076472,23.16946947,11.94857982
1.922687321,22.87876023,3.326043505
2.188452426,23.94622964,7.123758798
2.167443904,21.64131667,16.77439359
1.532250637,21.8419561,16.79429586
2.243099841,21.85478154,12.68291383
2.061106186,22.22088658,16.22414944
2.221740327,22.824214,13.98900159
2.498766805,21.94707432,11.43290808
1.993590266,26.89804528,-3.864463368
1.809098061,21.06821503,8.449297767
0.765273959,21.8960082,8.774395844
1.992299583,22.54513891,18.74938101
1.63982763,19.65871533,16.01159465
2.768374067,21.86680678,7.669352916
1.91475685,24.64173056,8.314442106
2.337913964,20.32762841,13.69261022
1.514730585,23.64322009,0.782819973
2.414816322,23.15033508,5.871390395
2.10232875,21.00447065,4.563674759
1.568569568,22.87244586,11.44232725
1.925650667,22.07089698,9.965738049
1.474678836,21.62422094,9.871901188
2.53551805,20.89525382,6.382894498
1.475356703,21.36349846,8.176059043
1.904466796,22.48111544,11.7068231
1.926028791,21.4451476,3.976017668
2.484413604,21.98285842,6.123366267
1.498102207,21.43568773,9.367315815
2.052378126,23.03134951,13.43549591
1.579749272,21.69716256,1.99275971
1.371095634,24.2690386,17.628877
2.249454387,22.11589118,7.686277141
2.300802621,21.56108539,2.194737247
1.816506366,21.67629249,14.02015755
1.624165135,20.91985996,6.353970585
1.627484831,21.13524889,8.114442337
2.520768054,22.6412914,1.24245815
1.695596,21.48939076,1.567712816
1.339931472,22.67339609,5.765039811
1.906339443,21.50477847,0.329941134
1.240710139,28.98406542,-2.8854002
0.95715814,27.42078273,-3.059480722
0.413441365,28.09486648,-12.61261518
1.655112232,20.33693384,6.113208204
1.814755352,29.96217489,-4.41812022
2.237541015,21.99104307,0.620921238
2.257301899,21.9881435,8.586361653
1.756162636,21.5606948,1.703404075
2.503592848,22.50203729,12.73888881
3.189988393,22.65529997,7.941259074
1.708003943,21.27303619,4.678827386
0.536507246,29.20289831,-1.875989421
2.098516078,20.23965315,0.55124017
1.81039819,23.65602183,0.029818006
2.87788234,21.33030259,0.137407715
1.120783589,27.35893821,-1.597234442
1.578460995,29.9279802,-2.456100189
0.448968457,27.91769664,-2.162911097
2.55150925,22.48702369,8.941698728
0.016822012,28.95838498,-6.615062846
1.628164119,22.12021275,1.358786864
2.683390448,29.59388904,-4.525093138
1.459729603,29.60732537,-0.631813474
0.83532166,29.03050308,-8.652154202
1.670061672,29.76151494,-5.720606074
1.369013093,28.25768708,-9.63812439
0.79741181,29.21100889,-1.175144143
1.137360888,28.09000572,-8.347127671
1.458424964,29.35436424,-2.006650184
0.926915376,22.29036544,5.607833274
1.885750922,21.88733981,7.78147705
0.963050464,23.04013747,0.922855394
1.94951736,22.83286883,2.049298664
1.901835336,22.29521808,10.62907062
1.837527989,23.07107298,8.912953272
1.804829755,20.12651302,11.9215351
1.956841007,20.44003201,6.985450287
1.978964522,21.57986998,7.567599627
0.832179595,23.02093267,5.095405149
2.468572383,22.46606667,7.285679519
2.065884585,22.90067892,7.065962308
1.992849486,19.3988398,4.777553748
1.528495712,22.19305738,6.132143132
1.461554347,23.19587678,4.040347214
2.388595726,19.19037155,0.711355045
2.262580994,22.07073198,10.4616386
2.009232215,21.37219381,2.313314814
1.216872256,22.71437342,5.328312579
0.792564355,27.7889193,-0.181800055
2.87300994,21.90551279,10.43452575
1.297103037,21.48318841,7.638962705
2.68404253,21.02719703,10.19713144
1.878526356,21.80654777,0.622397569
1.64162011,22.93963099,11.10225622
2.660457802,22.72620536,18.8449732
1.367133719,21.9873392,3.645734229
1.724993834,22.86265033,12.98774962
2.305316273,22.94387097,20.76724422
