INSTNM,SAT_AVG,UGDS,COSTT4_A,TUITIONFEE_OUT,TUITFTE,AVGFACSAL,PFTFAC,C150_4,PFTFTUG1_EF
California Institute of Technology,1534,977,56382,41538,15679,16120,0.957,0.9307,0.9725
University of Chicago,1504,5697,62425,47514,26409,16589,0.8076,0.9268,0.9834
Massachusetts Institute of Technology,1503,4510,57010,43498,28012,15617,0.9862,0.9307,0.9721
Harvard University,1501,7278,57950,42292,27867,17861,0.8595,0.9747,0.4143
Yale University,1497,5422,59320,44000,14701,16042,0.7281,0.9779,0.9777
Princeton University,1495,5234,55430,40170,13049,15711,0.8485,0.9694,1
Vanderbilt University,1475,6794,59890,42978,22796,12871,0.8362,0.9252,0.8714
Washington University in St Louis,1474,6851,62594,44841,23619,13286,0.6523,0.9404,0.8234
Columbia University in the City of New York,1471,7970,61540,49138,31924,15706,0.5324,0.9329,0.7096
Stanford University,1466,6980,58408,43683,23849,19862,0.9786,0.9576,0.8404
Northwestern University,1458,8855,60729,45527,28590,14525,0.845,0.9419,0.8975
Rice University,1454,3920,52242,38941,18601,13468,0.7813,0.9111,0.9139
University of Notre Dame,1450,8466,57805,44605,21742,12629,0.8839,0.9486,0.9422
Dartmouth College,1446,4154,61398,46752,28107,13143,0.8068,0.947,0.9135
Duke University,1444,6501,59528,45376,23668,14288,0.94,0.9423,0.9183
University of Pennsylvania,1442,10606,59600,45890,36792,15460,0.7278,0.9569,0.7321
Williams College,1439,2051,59412,46600,26201,12027,0.807,0.9536,0.9267
Carnegie Mellon University,1432,5834,59710,47642,27890,11055,0.9324,0.8799,0.9394
Tufts University,1428,5146,58752,46598,28845,11427,0.6361,0.9219,0.9383
Brown University,1425,6182,58140,45612,29320,13381,0.8849,0.9452,0.8543
Cornell University,1422,14309,59572,45358,24114,13820,0.9022,0.9334,0.8431
Weill Cornell Medical College,1422,NA,NA,NA,20977,NA,1,NA,NA
Johns Hopkins University,1418,5932,58980,45470,22665,10922,0.8637,0.9254,0.7761
Georgetown University,1398,7261,59900,44805,35085,12851,0.5314,0.9245,0.7692
Claremont McKenna College,1397,1311,60065,45625,28851,9388,0.9195,0.9254,0.9361
Northeastern University,1394,13204,55914,41686,24465,11581,0.7425,0.8256,0.8121
Washington and Lee University,1392,1846,56616,44507,26455,12144,0.7751,0.9024,0.9816
Monterey Institute of International Studies,1391,22,NA,NA,12643,9249,1,NA,NA
Middlebury College,1391,2466,59200,45314,42339,10599,0.8536,0.936,0.9542
Wesleyan University,1387,2888,61167,47244,27711,11163,0.881,0.9154,0.9182
University of Southern California,1380,18087,59787,46298,29928,13045,0.5727,0.9117,0.6253
Case Western Reserve University,1377,4551,55783,41800,23269,10272,0.8044,0.8012,0.9092
Boston College,1375,9465,58639,45622,27441,13355,0.603,0.913,0.9018
Reed College,1371,1351,57701,46010,26827,10092,1,0.819,0.8176
Colgate University,1370,2872,57745,46380,29302,10985,1,0.9086,0.9731
Rensselaer Hartford Graduate Center Inc,1366,NA,NA,NA,35379,11725,0.7368,NA,NA
Rensselaer Polytechnic Institute,1366,5379,59470,46269,26147,12145,0.8304,0.8494,0.8764
Scripps College,1364,980,58888,45564,28151,10598,1,0.8414,0.951
Emory University,1363,7705,58180,44008,22222,12133,0.6792,0.8961,0.8354
University of Virginia-Main Campus,1362,15020,25255,40054,17576,12428,0.9466,0.9307,0.6877
Cooper Union for the Advancement of Science and Art,1358,851,56735,41400,3605,11865,0.2629,0.8265,0.8018
College of William and Mary,1358,6235,25938,38440,16797,10253,0.8087,0.8993,0.8888
Oberlin College,1354,2894,59683,46870,27465,9872,0.8982,0.8857,0.9701
University of Rochester,1353,6047,59156,45372,21174,12762,0.9527,0.8518,0.8836
Georgia Institute of Technology-Main Campus,1352,13975,21980,29954,12234,11230,0.9568,0.8219,0.7204
University of Michigan-Ann Arbor,1352,28077,25760,40392,20769,10509,0.8026,0.8997,0.8589
University of California-Berkeley,1350,25951,32715,35742,16733,14652,0.7304,0.9103,0.6732
New York University,1348,22172,60059,44848,31648,13434,0.4045,0.8331,0.7907
Polytechnic Institute of New York University,1348,2078,50199,41328,23445,10047,1,0.5714,0.7749
Brandeis University,1347,3603,58850,45856,19017,11328,0.6667,0.8959,0.9154
Tulane University of Louisiana,1341,8290,58904,46930,23061,10880,0.774,0.7602,0.947
Bryn Mawr College,1334,1316,57586,43900,23516,9775,0.8403,0.8409,0.9481
University of Miami,1332,11246,57700,42852,28909,11115,0.7471,0.8169,0.738
Jewish Theological Seminary of America,1331,161,32130,18460,5068,8513,0.9778,0.975,0.8919
Colorado College,1323,2025,54200,44222,28994,10886,0.8605,0.8721,0.9126
Lehigh University,1322,4904,55441,43520,25245,12344,0.812,0.8584,0.9638
Wheaton College,1318,2415,41394,30880,18657,8328,0.6603,0.8672,0.8937
Villanova University,1316,6856,56265,44430,26055,10425,0.6358,0.9008,0.8872
University of North Carolina at Chapel Hill,1313,17882,23069,30122,11914,11392,0.8575,0.9002,0.8177
University of Richmond,1313,3107,55980,45320,23186,10983,0.6464,0.8502,0.801
Rose-Hulman Institute of Technology,1310,2165,55413,42654,22285,8411,0.9053,0.7284,0.9179
University of Maryland-College Park,1310,26045,22933,28348,11198,11628,0.7713,0.8406,0.6419
Bucknell University,1306,3498,59090,46902,30266,10168,0.9671,0.9076,0.9462
Stevens Institute of Technology,1305,2662,59479,44490,28317,9474,1,0.7861,0.9555
Occidental College,1303,2101,60655,46652,24394,10402,0.7273,0.8777,0.9013
University of Illinois at Urbana-Champaign,1303,31663,28564,29132,13770,11576,0.7194,0.838,0.7672
Southern Methodist University,1302,6295,57947,43800,25050,11283,0.6428,0.7902,0.7982
Colorado School of Mines,1298,4197,29091,32415,17863,10579,0.8575,0.6969,0.8689
George Washington University,1297,10121,58925,47343,27560,13058,0.4853,0.8083,0.8038
SUNY at Binghamton,1297,12940,21966,18464,6701,9059,0.6962,0.8077,0.6753
Santa Clara University,1294,5404,57213,42156,19663,11662,0.6019,0.8401,0.8818
University of California-Los Angeles,1289,28667,31474,35575,15123,15089,0.7082,0.9031,0.6667
Ohio State University-Main Campus,1289,43139,24524,25757,13102,11284,0.6513,0.8323,0.703
Rhodes College,1288,2012,50659,39794,18208,8035,0.8157,0.7832,0.9495
Boston University,1279,16460,59036,44880,27235,12360,0.6283,0.8448,0.7254
University of Tulsa,1279,3394,46560,34835,19693,9672,0.7755,0.6882,0.827
Lewis & Clark College,1279,1985,53455,41928,23450,9221,0.5422,0.7451,0.795
Brigham Young University-Provo,1277,27765,17174,4850,5348,9649,0.7409,0.7797,0.8377
University of California-San Diego,1276,23792,29751,36149,13805,13126,0.8344,0.858,0.6578
SUNY College at Geneseo,1274,5463,21004,16880,5356,7177,0.7188,0.7794,0.7742
University of Florida,1272,32346,20456,28541,7411,10498,0.853,0.8654,0.7325
Trinity University,1270,2127,46274,34678,16474,9715,0.7911,0.8162,0.9287
University of Wisconsin-Madison,1268,29504,23718,26653,10866,10758,0.972,0.8284,0.7728
Hendrix College,1267,1428,50172,37816,12547,7233,0.6778,0.6959,0.9595
University of Minnesota-Twin Cities,1266,30271,24278,19805,11069,10892,0.8394,0.754,0.5249
Missouri University of Science and Technology,1263,6064,22102,24675,10252,9931,0.764,0.6257,0.7361
Earlham College,1262,1016,50930,41450,14943,7391,0.9434,0.71,0.8322
The University of Texas at Austin,1262,39323,25176,33842,10476,10900,0.9068,0.7944,0.7162
The University of Texas at Dallas,1262,13042,22381,26038,10335,12416,0.7285,0.6291,0.5315
Clemson University,1259,16801,27944,30488,14345,9907,0.6632,0.8253,0.7251
American University,1258,6829,55159,40649,30523,11074,0.5764,0.7989,0.8031
Babson College,1258,2106,58450,43520,33742,14952,0.722,0.9073,0.9157
Fordham University,1258,8193,56604,43902,25968,12679,1,0.8051,0.8117
Stony Brook University,1253,15724,20611,19935,7339,10346,0.5938,0.6593,0.6088
Illinois Institute of Technology,1252,2855,48940,40117,19094,11256,0.5634,0.625,0.5743
Sewanee-The University of the South,1248,1599,46530,35756,21020,8389,0.9363,0.7805,0.9385
University of Georgia,1247,26120,21162,28472,10079,9015,0.8804,0.8314,0.7848
Skidmore College,1247,2646,58562,45874,30105,9067,0.8271,0.8592,0.9218
Milwaukee School of Engineering,1244,2452,43747,34470,14966,8286,0.5469,0.5582,0.7202
Truman State University,1243,5482,19689,13240,5045,7038,0.8619,0.7168,0.7135
California Polytechnic State University-San Luis Obispo,1242,18664,23867,19884,7908,8675,0.6858,0.6972,0.8238
Trinity College,1240,2239,59865,47510,29677,10884,0.7414,0.8628,0.8678
Drake University,1240,3310,42477,30889,18444,9108,0.6646,0.727,0.8808
Emerson College,1240,3720,51158,35730,23651,9204,0.4357,0.8147,0.7959
Miami University-Hamilton,1240,3421,17107,14165,4564,6658,0.951,0.2801,0.5556
Miami University-Middletown,1240,1765,18054,14165,4161,6873,0.9365,0.2256,0.3835
Miami University-Oxford,1240,15378,30858,29590,15186,8478,0.9551,0.8084,0.9196
Rhode Island School of Design,1239,2005,59597,42932,33690,7949,0.2747,0.8732,0.8767
Saint Louis University,1237,7961,52413,36726,19299,10028,0.5867,0.6974,0.2461
Furman University,1237,2777,55434,43164,22453,8957,0.7515,0.8426,0.9275
Pepperdine University,1235,3516,58772,44902,25896,11650,0.5697,0.8043,0.8106
The College of New Jersey,1235,6446,28943,25135,11663,9518,0.4357,0.8443,0.8071
Bentley University,1234,4172,54806,41110,24563,12158,0.6265,0.8727,0.8123
University of Puget Sound,1233,2542,53785,41868,25089,9228,0.8448,0.7816,0.9166
Rochester Institute of Technology,1232,12587,45772,34424,19189,9621,0.6729,0.6388,0.6545
University of Denver,1231,5505,53614,40707,25538,8914,0.5039,0.7752,0.8583
North Carolina State University at Raleigh,1229,22977,20511,21661,7952,9774,0.8813,0.7359,0.7328
University of San Diego,1228,5573,56346,41392,25057,11648,0.4518,0.7502,0.7651
CUNY Bernard M Baruch College,1225,13698,15112,12720,6305,8651,0.4624,0.6687,0.3898
DigiPen Institute of Technology,1225,894,37848,26720,18204,7659,0.5104,0.5422,0.5034
St Mary's College of Maryland,1221,1794,29174,28664,12390,6981,0.7416,0.7931,0.7706
Virginia Polytechnic Institute and State University,1220,23928,25513,27211,11414,10146,0.9812,0.8243,0.831
Yeshiva University,1217,2887,53825,37600,22428,5086,0.6916,0.8519,0.9663
Marquette University,1217,8190,46649,34640,20795,9665,0.5544,0.7824,0.8852
University of Dallas,1216,1374,47437,33110,15224,7217,0.5202,0.6602,0.8636
Auburn University,1215,19761,23788,26364,13186,9429,0.878,0.6792,0.7679
University of Connecticut,1215,17684,25786,30970,11188,11500,0.9612,0.8323,0.7939
Baylor University,1215,13221,51086,35972,19090,8793,0.8148,0.7472,0.8573
University of Connecticut-Tri-Campus,1215,2382,13099,29004,2077,12909,0.9375,0.5029,0.7311
University of Connecticut-Avery Point,1215,645,12946,29004,6277,14803,0.9375,0.4796,0.7308
University of Connecticut-Stamford,1215,1224,13028,29014,2653,14803,0.9375,0.6243,0.5649
Taylor University,1214,1873,38845,28753,16421,6365,0.6293,0.7415,0.6892
Creighton University,1214,3943,46248,34330,23306,9081,0.6756,0.7592,0.8086
Soka University of America,1213,412,40842,29144,3809,10523,0.6986,0.8416,1
University of California-Santa Barbara,1212,19362,31913,36624,13553,13048,0.834,0.807,0.7513
Florida State University,1212,32086,20774,21673,5723,9706,0.8017,0.7688,0.7025
Butler University,1212,3998,47010,34368,19522,7980,1,0.7386,0.7528
Purdue University-Main Campus,1211,30167,23109,28794,15256,11005,0.9449,0.6994,0.8429
University of Maryland-Baltimore County,1209,11012,22024,21642,8524,8985,0.6977,0.6458,0.5568
University of Massachusetts-Amherst,1209,21672,25665,28159,11566,11354,0.802,0.7266,0.7207
Chapman University,1208,5940,57020,43573,24444,11095,1,0.761,0.7448
University of Iowa,1208,21314,21832,26931,13317,10194,0.8637,0.6962,0.7179
Michigan Technological University,1206,5536,24724,28608,12730,9142,0.8587,0.6453,0.8391
Texas Christian University,1206,8597,48189,36590,23965,10206,0.9804,0.76,0.8192
Brite Divinity School,1206,NA,NA,NA,5579,9001,1,NA,NA
VanderCook College of Music,1205,104,37343,24890,14973,7625,1,0.6923,0.3261
Gonzaga University,1204,4830,46475,35062,18962,8626,0.5886,0.8228,0.8556
University of Washington-Seattle Campus,1203,28754,24606,31971,17091,10461,0.7258,0.8183,0.7324
University of Washington-Bothell Campus,1203,4077,22800,31485,4068,9302,0.6263,0.6757,0.4156
University of Washington-Tacoma Campus,1203,3587,22185,31476,4165,8510,0.6957,0.4943,0.3297
Loyola Marymount University,1202,6087,55432,40265,29076,10098,0.5352,0.7583,0.7605
New Mexico Institute of Mining and Technology,1200,1490,17600,17073,5159,6908,0.6158,0.4417,0.7166
Elon University,1200,5599,41679,30149,24332,8485,0.7118,0.8165,0.9353
Rollins College,1199,2608,56309,41460,19343,7767,1,0.6705,0.8704
The University of Tennessee-Knoxville,1199,20948,24746,29684,10296,9976,0.832,0.6754,0.7291
Indiana University-Bloomington,1198,31984,23043,32350,16225,9431,0.8555,0.7705,0.6089
Kettering University,1198,1640,49303,35600,20318,7704,1,0.6078,0.8296
Willamette University,1198,1970,52665,42305,21725,9341,0.7539,0.7883,0.9269
Drexel University,1197,16257,53831,37505,23329,10246,0.5358,0.6951,0.6317
Loyola University Chicago,1195,9931,47727,35573,22327,9432,0.5019,0.7101,0.8032
Albany College of Pharmacy and Health Sciences,1195,1075,40718,28900,24032,8530,0.7703,0.7235,0.655
Cedarville University,1195,3108,33652,26420,15386,6831,0.743,0.7263,0.8217
University of Portland,1195,3468,51036,38670,19068,7678,0.5985,0.755,0.9008
University of Puerto Rico-Rio Piedras,1195,11834,8020,4104,1715,7104,0.7862,0.4748,0.8401
Loyola University Maryland,1194,3972,56736,43250,24840,8346,0.6188,0.8437,0.9564
Westmont College,1193,1295,51760,38510,21159,9329,0.6851,0.7577,0.8206
Belmont University,1193,5465,41450,27380,21777,8450,0.478,0.6796,0.7148
University of California-Davis,1192,26483,31803,36773,13500,12065,0.8397,0.8133,0.6159
University of Colorado Boulder,1192,25461,27854,32115,16762,10298,0.683,0.6969,0.7902
University of North Carolina at Asheville,1190,3323,17468,20063,6151,7371,0.7869,0.5954,0.4802
University of Vermont,1190,9970,27788,36646,21995,9562,0.8133,0.7582,0.8114
Clarkson University,1187,3060,54772,40540,13925,10138,0.8745,0.7287,0.8105
University of Pittsburgh-Pittsburgh Campus,1187,18304,30410,27106,16043,9533,0.7478,0.8044,0.7971
Berry College,1186,2122,40965,29090,12900,7060,0.865,0.6015,0.9346
Calvin College,1183,3895,39013,28250,15962,7208,0.9881,0.7273,0.871
South Dakota School of Mines and Technology,1183,2194,20234,12870,8097,8892,0.907,0.4566,0.7213
Texas A & M University Health Science Center,1182,243,NA,NA,13315,9101,0.6328,NA,NA
Texas A & M University-College Station,1182,43931,20819,25126,8988,10287,0.8942,0.7908,0.7138
University of Dayton,1181,7812,46250,35800,18266,8494,0.619,0.7674,0.886
Austin College,1181,1206,45800,33830,17273,7605,0.8741,0.7177,0.9333
University of Alabama in Huntsville,1180,5525,20306,21506,8322,9341,0.6555,0.4835,0.4328
University of Delaware,1178,17729,21748,29932,17724,11834,0.9598,0.8001,0.8942
Rutgers University-Camden,1178,4777,22048,26908,11973,10679,0.5164,0.5582,0.3643
Rutgers University-New Brunswick,1178,33427,28011,27523,11793,10967,0.5704,0.7969,0.6864
Rutgers University-Newark,1178,6748,22046,27022,12723,12617,0.5983,0.6752,0.4675
University of South Carolina-Columbia,1178,23987,23685,28528,10441,9514,0.7128,0.7268,0.7617
University of Oklahoma-Health Sciences Center,1176,818,NA,NA,12047,7602,0.6854,NA,NA
University of Oklahoma-Norman Campus,1176,20528,23263,21105,10362,9273,0.8207,0.6629,0.6634
University of Central Florida,1175,50919,19815,22416,5069,8646,0.9807,0.6724,0.4234
Maryland Institute College of Art,1175,1892,52649,40890,26289,8764,0.3421,0.7273,0.7937
LeTourneau University,1175,2173,37031,25740,14855,7287,0.4815,0.528,0.4224
Seattle University,1175,4595,50610,36465,24756,9051,0.7077,0.7663,0.7018
Union University,1174,2565,40415,26880,11059,7369,0.5788,0.6364,0.2406
Covenant College,1173,1063,38510,29100,14593,6841,0.9875,0.5808,0.8381
Saint Michael's College,1173,1941,48894,39015,22999,8319,1,0.7481,0.8956
University of the Pacific,1172,3869,52406,39810,29264,10089,0.5588,0.5669,0.8374
The University of Alabama,1171,28692,26717,23950,12198,9605,0.7109,0.6665,0.7904
Mercer University,1171,4304,46382,33120,15801,7918,0.9752,0.5947,0.568
Stetson University,1168,2711,49939,38330,18420,9877,0.6189,0.6409,0.895
Washington College,1168,1424,52243,41120,20826,7927,0.6218,0.6821,0.843
Coe College,1166,1355,45387,35730,12732,7662,0.561,0.6667,0.842
University of St Thomas,1165,6246,48421,35308,18396,9892,0.533,0.751,0.8221
University of Missouri-Columbia,1165,26585,22387,23764,10084,8788,0.7053,0.7012,0.8184
Hofstra University,1165,6748,49604,37400,25982,12848,0.4726,0.6212,0.7673
University of the Sciences,1165,1830,49327,34742,22447,8000,0.648,0.7181,0.7843
College of Charleston,1165,10150,25086,27090,12205,7747,0.6435,0.6448,0.6828
Rockhurst University,1164,1682,40582,31290,14635,6863,0.4599,0.6921,0.4634
Bradley University,1163,4823,40330,29664,18539,8424,0.587,0.7563,0.7997
DePaul University,1163,16120,46375,33990,21544,10392,0.5034,0.7047,0.5677
Franciscan University of Steubenville,1163,2055,32761,23160,14149,7306,1,0.7346,0.7213
Oklahoma City University,1163,1954,41431,29426,16651,7055,0.6104,0.6075,0.5997
Louisiana State University and Agricultural & Mechanical College,1162,23990,20422,25790,8813,9190,0.9102,0.6914,0.764
University of San Francisco,1161,6308,55812,40294,26745,12409,0.4135,0.6901,0.664
Christopher Newport University,1161,5083,24696,20992,6688,7705,0.6493,0.6551,0.8651
CUNY Hunter College,1160,15697,14478,12639,5913,7895,0.3689,0.5038,0.4092
Millsaps College,1159,734,44435,32520,11691,6984,0.8661,0.6318,0.8636
Valparaiso University,1158,3209,43185,33480,17416,7280,0.684,0.7013,0.8134
Michigan State University,1158,37622,23740,33750,15767,10614,0.8667,0.7736,0.8045
University at Buffalo,1158,19365,20885,20151,7732,10026,0.6065,0.72,0.6461
Syracuse University,1158,14738,55600,40458,21538,10822,0.6598,0.8108,0.832
Providence College,1158,3969,56184,43245,23856,9471,0.6226,0.8504,0.8453
Lake Forest College,1157,1577,49743,39842,15780,8231,0.5593,0.6376,0.8093
University of Arkansas,1156,20776,19917,19074,6624,8902,0.8663,0.601,0.7464
Gordon College,1156,1681,43140,33230,17958,7783,0.9134,0.707,0.8626
Appalachian State University,1156,15840,17780,18670,5790,7657,0.724,0.6857,0.6664
Point Loma Nazarene University,1155,2543,43060,30356,18917,9653,1,0.7208,0.8063
Saint Johns University,1155,1871,46397,37162,18464,7899,0.8652,0.7946,0.9449
SUNY College of Environmental Science and Forestry,1155,1694,22550,16483,4726,8282,0.7439,0.716,0.5538
George Mason University,1155,21324,22332,28592,10801,10524,0.5587,0.667,0.4848
Florida International University,1154,38234,18426,18895,5931,9653,0.9841,0.5161,0.4075
University of South Florida-Main Campus,1154,30376,19299,17324,5963,8082,0.7713,0.6321,0.4854
Wagner College,1154,1830,49453,39220,22283,7949,1,0.6136,0.7904
University of North Carolina Wilmington,1154,12178,18165,18480,7096,7872,0.7085,0.7099,0.5034
Messiah College,1154,2739,41341,30470,16857,7958,0.558,0.758,0.8329
University of South Florida-St Petersburg,1154,3955,18821,16736,5328,8331,0.5143,0.4273,0.4364
University of South Florida-Sarasota-Manatee,1154,1671,NA,16502,5399,7121,0.5067,NA,0.1498
Samford University,1153,2995,38835,26328,17548,8261,0.9939,0.692,0.8162
Florida Institute of Technology,1153,3191,52490,36020,21950,9025,0.561,0.5437,0.7459
Ohio Northern University,1153,2205,49618,36720,17109,8551,0.7583,0.7175,0.5671
Florida Institute of Technology-Online,1153,2304,NA,NA,5569,7265,1,NA,NA
Mills College,1151,974,54668,41494,19608,9759,0.5337,0.6142,0.6308
Simmons College,1149,1710,51093,35380,18588,8098,0.3375,0.7122,0.8264
Lipscomb University,1149,2874,37181,26094,17769,7138,0.9802,0.64,0.7797
James Madison University,1149,18127,21980,23654,8595,8016,0.7692,0.815,0.8661
University of Evansville,1147,2373,42674,30596,13500,7658,0.656,0.6344,0.7768
University of Nebraska-Lincoln,1147,19376,21024,21388,8653,10085,0.9234,0.6678,0.8118
University of Alabama at Birmingham,1146,11200,19990,16398,9033,10170,0.9106,0.5377,0.5285
Drury University,1146,4001,32556,22295,10071,7024,0.9708,0.5741,0.4611
Iowa State University,1145,27112,18820,20278,9395,10027,0.8288,0.681,0.7083
Benedictine College,1145,1750,36805,23900,10786,6165,0.6335,0.5922,0.5995
University of Kansas,1145,18731,21971,24873,10498,9694,0.7798,0.6162,0.6806
Salisbury University,1145,7767,20916,16474,5967,6688,0.6319,0.6681,0.545
Lawrence Technological University,1145,3033,39890,28948,19336,7585,0.3077,0.4939,0.2462
Seattle Pacific University,1145,3354,45125,33813,18629,8258,0.5627,0.6899,0.7696
John Brown University,1144,1770,33326,22734,9545,6425,0.9766,0.6537,0.4202
Bethel University,1144,3178,42692,31760,16210,7577,0.4471,0.7136,0.6441
Bethel Seminary-St Paul,1144,NA,NA,NA,10720,7539,0.3182,NA,NA
Concordia College at Moorhead,1144,2464,39803,32814,16087,4889,0.9403,0.7101,0.8736
Bethel Seminary-San Diego,1144,NA,NA,NA,12221,8772,0.2381,NA,NA
University of North Florida,1143,14006,19415,20756,4980,7279,0.7889,0.4995,0.4248
Loyola University New Orleans,1143,2910,46676,36860,17610,8612,0.7682,0.5486,0.7552
University of Louisville,1142,15023,21922,23834,10747,9373,0.6602,0.5343,0.7002
University of Detroit Mercy,1142,2871,48027,35920,23050,8667,1,0.5682,0.6906
Maryville University of Saint Louis,1142,2746,37968,25002,13159,7411,0.2361,0.6735,0.4962
New Jersey Institute of Technology,1142,6449,26700,28274,9933,11262,0.6347,0.5767,0.3887
University of Cincinnati-Main Campus,1141,23360,25799,25816,12384,9079,0.4632,0.579,0.7666
University of Cincinnati-Clermont College,1141,3015,16442,12302,5641,6586,0.2588,0.2288,0.5072
University of Cincinnati-Blue Ash College,1141,4550,16185,14516,5779,6746,0.3703,0.2044,0.5851
University of Kentucky,1140,21050,22420,21192,10316,9614,0.8206,0.6184,0.7846
Pratt Institute-Main,1140,3247,54582,43126,27862,9254,0.1423,0.6277,0.7841
Harding University,1139,4428,25475,16170,11636,7082,0.7364,0.6219,0.8175
Oklahoma State University-Main Campus,1138,20314,21338,20027,10283,8254,0.8686,0.5956,0.6583
Southern California Institute of Architecture,1137,237,50373,37300,36395,9878,0.4058,0.5,1
Bryant University,1137,3263,50858,37234,22197,12905,0.6122,0.8198,0.8865
North Greenville University,1137,2068,28373,14772,6361,5568,1,0.5464,0.6375
Warren Wilson College,1136,821,41000,29540,14540,5066,0.6609,0.5064,0.7358
University of Houston,1136,30357,22215,16897,9305,10569,0.8759,0.4754,0.467
University of Redlands,1135,3462,55268,41290,17280,9234,0.9644,0.7295,0.6587
Westminster College,1134,2260,37990,29500,18359,8393,1,0.5714,0.7217
University of Massachusetts-Lowell,1132,11830,22861,26146,11192,11296,0.5525,0.5426,0.4644
Xavier University,1132,4452,45080,33000,16524,8089,0.5342,0.7646,0.8658
Oglethorpe University,1131,1020,43689,31280,11922,4728,1,0.6201,0.7389
Centenary College of Louisiana,1131,579,40578,30740,11348,7159,0.566,0.59,0.8411
The New School,1131,6581,57203,40426,25271,9716,0.1993,0.6336,0.4921
University of Wisconsin-La Crosse,1130,9335,17896,16342,6873,6650,0.9823,0.672,0.7228
State University of New York at New Paltz,1129,6397,20428,16533,5708,6719,0.5347,0.7049,0.6269
Colorado State University-Fort Collins,1127,22482,21823,25166,12292,8869,0.6959,0.6383,0.6888
Embry-Riddle Aeronautical University-Prescott,1126,1802,45228,31034,35302,8387,0.7018,0.5915,0.7883
Embry-Riddle Aeronautical University-Daytona Beach,1126,4666,45648,31334,31382,8505,0.8602,0.569,0.7657
Georgia College and State University,1126,5636,23052,26690,7701,6354,0.775,0.6115,0.7652
University of Northwestern-St Paul,1126,2038,37803,28020,14276,6078,1,0.6844,0.3691
Embry-Riddle Aeronautical University-Worldwide,1126,9689,20932,7800,7752,5326,0.4133,0.5,0.0529
North Central College,1125,2700,41218,32613,16358,7337,0.4926,0.639,0.5756
University of Michigan-Dearborn,1125,6793,15831,23124,10945,8640,0.5773,0.518,0.4619
Martin Luther College,1125,729,20740,12300,11021,4436,1,0.7684,0.8241
Saint Norbert College,1125,2128,40204,31866,16212,6730,0.779,0.7417,0.8924
Oklahoma Christian University,1124,1949,29359,18800,8890,6581,1,0.4875,0.7781
Biola University,1123,4324,44573,32142,20770,8924,0.9883,0.6819,0.7365
Southern Polytechnic State University,1123,5636,16546,16760,6239,5941,0.7288,0.3657,0.4543
Goshen College,1123,778,37707,28500,14115,5509,0.7526,0.703,0.6653
University of Wyoming,1123,9969,17652,14124,4422,8810,0.9097,0.5409,0.5886
University of California-Irvine,1122,23517,28980,36027,13713,12839,0.7884,0.8585,0.7294
Siena College,1122,3102,45452,31368,16661,8320,0.6328,0.7964,0.8219
Duquesne University,1122,5944,42280,31385,19958,8863,0.4849,0.7688,0.8994
Champlain College,1122,2851,44636,31350,22040,7305,0.9915,0.5763,0.7425
Seton Hall University,1121,5632,46869,35820,22466,9282,0.9818,0.6409,0.7013
University of Scranton,1121,3834,51962,38754,19604,9400,0.7286,0.8176,0.8483
Temple University,1121,27511,27247,24122,18854,9648,0.5007,0.6632,0.5906
University of St Thomas,1121,1529,37271,28240,16575,6830,0.9949,0.5104,0.5213
Rowan University,1120,10656,26970,20186,9614,9370,0.3174,0.6982,0.4509
Dordt College,1119,1338,37080,26540,14324,5959,1,0.623,0.8456
Catholic University of America,1118,3641,54023,38526,22145,9565,0.4848,0.6852,0.8727
Elizabethtown College,1117,1808,47390,38200,20211,8137,0.6116,0.7741,0.906
Saint Edward's University,1117,4077,43046,33720,21461,7920,0.4497,0.6952,0.7165
Elizabethtown College School of Continuing and Professional Studies,1117,365,NA,NA,9624,NA,0.0204,NA,NA
Bellarmine University,1116,2508,47609,34890,15144,7580,0.4605,0.6649,0.8394
Texas Tech University,1116,26809,20900,16013,8919,8757,0.8605,0.5904,0.6199
Saint Mary's College of California,1115,3039,56500,39890,22829,9229,0.267,0.675,0.7746
Montana Tech of the University of Montana,1115,1825,16434,18606,6448,6354,0.7326,0.4931,0.5928
Montana State University,1115,13055,18486,20717,9218,8068,0.8485,0.4941,0.5796
Western Washington University,1114,13925,22009,19752,7992,8028,0.6493,0.6932,0.7104
Houghton College,1113,1047,38352,27728,14223,4007,0.7111,0.7386,0.6947
John Carroll University,1112,3009,45714,34480,12625,8098,0.9952,0.7528,0.881
Lebanon Valley College,1112,1698,46169,35700,17637,7793,0.438,0.7311,0.8105
Pacific Lutheran University,1112,3062,45299,34740,17987,7369,0.8526,0.7045,0.6821
Illinois State University,1110,17667,25416,20450,10026,7665,0.7261,0.7162,0.607
Asbury University,1110,1392,33966,26076,13545,5924,0.5158,0.6431,0.5561
Clarkson College,1110,778,22322,12880,11683,5474,0.7639,0.4839,0.1569
CUNY City College,1110,11820,14041,12599,4376,8257,0.4029,0.4201,0.453
SUNY College at Oswego,1110,7245,21222,16631,4850,6733,0.5811,0.5785,0.6392
Salem College,1110,950,39859,24566,7802,5969,0.4848,0.6387,0.6593
Saint Joseph's University,1110,5265,52779,39040,23462,7113,1,0.7851,0.8175
University of Mary Washington,1110,4303,21862,22590,7290,7702,0.6347,0.7371,0.7305
University of Wisconsin-Eau Claire,1110,10218,18066,16283,6891,6886,0.9681,0.6693,0.7313
Wentworth Institute of Technology,1109,3975,43850,29200,15666,8039,1,0.6251,0.7502
University of Minnesota-Duluth,1109,9239,22796,16480,8284,7487,0.7962,0.5883,0.6281
Nebraska Wesleyan University,1109,1892,36429,27242,12109,6285,0.4538,0.6849,0.7446
Drew University,1109,1453,56932,44068,17816,8538,0.6133,0.6881,0.8599
Salve Regina University,1109,1989,48219,34950,18737,7425,1,0.6403,0.8752
University of Utah,1109,23273,19048,23736,9592,7764,0.9448,0.6037,0.5015
Arizona State University-Tempe,1108,38480,21960,23654,11705,10405,0.8787,0.5947,0.6617
California Lutheran University,1108,2882,48630,35720,17980,9597,1,0.7005,0.6236
University of Oregon,1108,20473,22390,29788,14391,8828,0.7024,0.6653,0.6899
Arizona State University-West,1108,3243,20269,22497,11624,8293,0.8992,0.5519,0.2928
Arizona State University-Polytechnic,1108,3305,21256,22497,12126,8042,0.94,0.5505,0.4261
Arizona State University-Downtown Phoenix,1108,8555,22909,23654,11815,8746,0.8561,0.4732,0.463
Arizona State University-Skysong,1108,8227,19666,11209,11797,7134,0.8534,NA,0.3183
Webster University,1107,3398,37363,23760,15070,8068,1,0.5942,0.487
University of Arizona,1106,31399,23905,27383,12051,10320,0.7478,0.6139,0.7005
Hamline University,1106,2108,43433,35108,15625,6607,0.4591,0.6637,0.7353
Mississippi State University,1106,16399,20796,16960,6667,7852,0.8636,0.6105,0.6714
Alfred University,1106,1905,38830,25430,8747,6408,0.8249,0.6216,0.8465
Olivet Nazarene University,1105,3325,39125,29890,10798,6769,0.3516,0.5724,0.6858
Simpson College,1105,1687,40186,30999,11958,6312,1,0.6494,0.7535
McDaniel College,1105,1662,45866,36960,13869,7035,0.3392,0.7175,0.8612
William Carey University,1105,2166,23962,10800,11251,5888,0.5331,0.6196,0.2754
University of Missouri-Kansas City,1105,8309,23437,22203,10688,8305,0.6246,0.5131,0.4328
University of North Carolina School of the Arts,1105,792,19666,21416,11470,6953,0.733,0.5968,0.7925
Marietta College,1105,1390,42205,31940,16223,6565,1,0.5529,0.881
West Chester University of Pennsylvania,1105,13456,24997,18974,8550,8909,0.7345,0.6864,0.6132
Augustana College,1105,1615,36828,28630,13044,6488,0.6726,0.6643,0.7505
Christian Brothers University,1105,1156,34413,28210,12545,5988,0.9907,0.5668,0.7616
Carthage College,1105,2874,44910,34850,15633,7638,1,0.6501,0.8571
The Master's College and Seminary,1104,1112,40815,28800,12657,7063,0.2926,0.5362,0.5968
Ohio University-Main Campus,1104,23331,23605,19410,10625,8294,0.6772,0.6657,0.7162
Multnomah University,1104,438,33878,21850,11396,5433,0.2947,0.4714,0.4016
Quinnipiac University,1102,6486,53476,39330,27202,8649,1,0.7627,0.8778
Florida Southern College,1102,2379,38413,28580,15831,7152,1,0.5816,0.7815
SUNY at Albany,1102,12542,21249,18360,5818,9423,0.5564,0.6638,0.6207
Capital University,1102,2647,42600,31990,14903,8743,0.4559,0.5821,0.7619
Oregon State University,1102,22349,22974,23514,9398,8692,0.7417,0.6147,0.5435
Pacific University,1102,1729,47922,37024,23540,7478,0.6571,0.6156,0.6823
Virginia Commonwealth University,1102,22049,25291,29473,9693,8242,0.6627,0.5681,0.6197
Oregon State University-Cascades Campus,1102,765,NA,NA,4779,10291,0.75,NA,NA
Canisius College,1101,2858,42796,33332,15382,7530,0.4733,0.6749,0.7025
Spring Hill College,1100,1269,43325,30924,10653,6057,0.597,0.5632,0.8657
University of Mississippi,1100,16432,21526,17728,8585,8409,0.826,0.5797,0.7098
University of Mississippi Medical Center,1100,699,NA,NA,10277,5304,1,NA,NA
CUNY Brooklyn College,1100,12625,13903,12694,4480,7529,0.4509,0.51,0.2892
CUNY Queens College,1100,14424,13676,12717,4899,7624,0.4045,0.5635,0.308
University of North Texas,1100,31243,18593,17241,7327,9746,1,0.4993,0.4956
Hollins University,1099,568,46049,33320,11425,6552,0.6508,0.5971,0.7526
Azusa Pacific University,1098,6543,44021,32256,18430,9231,0.4597,0.6486,0.6463
Mississippi College,1098,2895,25976,14868,11945,7079,0.4916,0.5305,0.6364
University of New Hampshire-Main Campus,1098,12288,29520,29216,12480,11061,0.6173,0.7919,0.8185
Adelphi University,1098,5000,41559,30800,20803,11315,0.3203,0.6251,0.6185
Oklahoma Baptist University,1098,1882,31759,21842,9145,6090,0.6667,0.546,0.7972
Freed-Hardeman University,1098,1290,32814,20468,10867,6154,0.9612,0.5325,0.7172
SUNY Oneonta,1097,5759,20762,16680,4624,6242,0.5653,0.6978,0.6861
Wisconsin Lutheran College,1097,1058,34192,24770,11551,6106,0.9605,0.6354,0.734
Ramapo College of New Jersey,1096,5397,27781,22038,9261,9521,0.9319,0.7283,0.5487
Baldwin Wallace University,1096,3331,37504,27840,15293,7418,0.4129,0.7088,0.7412
Milligan College,1096,933,36252,27916,13827,5717,0.9767,0.5206,0.6624
Trine University,1095,1431,40679,28850,10936,7319,1,0.512,0.4733
Saint John Fisher College,1095,2948,39014,28430,16702,8342,1,0.7253,0.6448
Arcadia University,1095,2400,48907,36810,16331,7962,0.3214,0.605,0.8046
Trine University-Regional/Non-Traditional Campuses,1095,435,18080,9840,12872,8016,1,0,0.0303
Prescott College,1094,540,40206,29732,14975,4248,0.6932,0.3768,0.2837
Georgia Southern University,1094,17103,21513,16137,5662,6217,0.8801,0.5046,0.6664
MCPHS University,1094,3808,43966,28470,29378,8066,0.9894,0.7053,0.8078
Lee University,1094,4143,23554,13750,9563,5605,1,0.5313,0.6103
Randolph College,1094,651,44330,32850,11962,7193,0.9863,0.5225,0.8571
St John's University-New York,1093,11147,50233,37260,21499,11777,0.4538,0.557,0.3492
University of Illinois at Chicago,1092,16601,25248,25800,12091,9797,0.6538,0.5669,0.6419
Concordia University-Nebraska,1091,1185,33226,24750,9932,6086,0.8625,0.6364,0.4676
North Dakota State University-Main Campus,1091,11629,18277,18242,7681,8163,0.9872,0.5308,0.7461
Emmanuel College,1090,2040,49487,34670,16682,8155,0.447,0.5808,0.7507
Aquinas College,1090,1843,34593,26460,11154,5972,0.3922,0.5976,0.7847
Grand Valley State University,1090,21137,21512,15388,9810,7816,0.6634,0.695,0.6933
University of Missouri-St Louis,1090,8928,22474,24429,8003,8195,0.4885,0.4567,0.2008
Missouri State University-Springfield,1090,15746,19117,13388,6228,7135,0.6633,0.5337,0.4363
The University of Montana,1090,11630,17440,21719,6877,9948,0.6824,0.4708,0.538
Manhattan College,1090,3403,44895,35725,19807,9042,0.5058,0.7373,0.8279
University of North Dakota,1090,11182,20538,17794,9376,8361,0.9167,0.5529,0.5945
University of South Dakota,1090,6449,18843,10104,6878,7200,0.7684,0.5515,0.5571
Carroll University,1090,3024,37963,27724,14038,6653,0.4036,0.5629,0.7958
Viterbo University,1090,2052,32956,23330,11278,6099,0.4125,0.4681,0.5153
Wichita State University,1089,11198,14764,14960,5790,7568,0.9223,0.4637,0.4366
Louisiana Tech University,1089,7047,16983,18441,5871,7055,0.8468,0.4934,0.7821
Arkansas State University-Main Campus,1088,9325,18809,13120,3527,6957,0.743,0.3698,0.6257
Lewis University,1088,4489,34079,26780,15275,9021,0.3606,0.6246,0.4929
Loras College,1088,1521,37622,28852,12625,6173,0.7485,0.609,0.8398
University of California-Santa Cruz,1087,15695,33208,36275,11066,12110,0.7098,0.7267,0.7657
Regis University,1087,4930,43058,32424,18145,6685,0.3033,0.5807,0.3945
University of Hawaii at Manoa,1087,14097,18491,27472,9277,10360,0.7777,0.5651,0.472
Millikin University,1087,2122,39576,28644,12527,5844,0.6753,0.5979,0.7563
High Point University,1087,3996,42300,30715,22114,6894,1,0.6176,0.9303
Otterbein University,1087,2436,41646,31424,15523,7287,1,0.5886,0.8196
The Dickinson School of Law of the Pennsylvania State University,1087,NA,NA,NA,88300,12746,0.6389,NA,NA
Pennsylvania State University-Penn State Erie-Behrend College,1087,3797,27759,21302,7616,8612,0.8148,0.6995,0.8176
Pennsylvania State University-Penn State Great Valley,1087,NA,NA,NA,14281,11938,0.9737,NA,NA
Pennsylvania State University-College of Medicine,1087,NA,NA,NA,88466,NA,NA,NA,NA
Pennsylvania State University-Penn State Lehigh Valley,1087,788,19456,20278,6408,6504,0.5733,0.5481,0.5893
Pennsylvania State University-Penn State Berks,1087,2573,25931,21302,6362,7806,0.5792,0.5652,0.763
Pennsylvania State University-Penn State Harrisburg,1087,3461,26651,21302,8498,9042,0.6667,0.6086,0.6709
Pennsylvania State University-Main Campus,1087,39460,31625,29566,24891,9902,0.749,0.8484,0.902
Pennsylvania State University-Penn State Abington,1087,3231,19611,20284,5393,7591,0.4708,0.4803,0.7081
Pennsylvania State University-Penn State York,1087,943,19761,20278,7920,7670,0.52,0.4954,0.5832
Abilene Christian University,1087,3647,39811,28350,14418,5508,0.9204,0.5637,0.8451
Utah State University,1087,20775,16020,17550,4989,8206,0.9627,0.5109,0.6175
Pennsylvania State University-World Campus,1087,4881,25441,13202,6355,4339,0.2105,NA,0.0635
Baker University,1086,1759,37485,25580,11156,5758,0.1624,0.52,0.4376
University of Illinois at Springfield,1085,2959,21385,16498,6839,7464,0.6066,0.4308,0.3133
Georgetown College,1085,1034,42036,32310,12252,5999,0.7468,0.5656,0.7409
University of Maine,1085,8619,22461,27970,9599,8755,0.6372,0.5556,0.7232
The College of Saint Scholastica,1085,2858,40685,31612,13630,6904,0.4783,0.6838,0.4705
San Diego State University,1084,26625,20252,17926,6601,9229,0.5404,0.6616,0.5168
Nova Southeastern University,1084,5053,40783,25430,16935,9482,0.4052,0.4049,0.3893
Elmhurst College,1084,2819,41472,32920,14793,7596,0.4669,0.7402,0.5981
Cornerstone University,1084,2100,33912,24168,11308,5537,0.9857,0.4571,0.7008
Sweet Briar College,1084,599,46966,33605,18311,6894,0.8065,0.5693,0.6355
San Diego State University-Imperial Valley Campus,1084,693,NA,NA,7369,9774,0.5455,NA,NA
Indiana Wesleyan University,1083,10625,33770,23628,10115,6853,1,0.655,0.4335
Hastings College,1083,1060,35673,25520,9873,6292,1,0.5762,0.7841
The University of Findlay,1083,2663,38941,29798,14741,7043,0.7604,0.564,0.3863
University of Southern Mississippi,1082,12371,18781,15024,6081,7109,0.756,0.4513,0.5065
SUNY at Purchase College,1082,4017,22381,17023,6128,7092,0.3949,0.5971,0.5447
Howard University,1081,6855,40129,22683,17514,8566,0.7495,0.6065,0.8103
Massachusetts College of Art and Design,1081,1861,25384,28600,11458,9403,0.814,0.7382,0.5105
University of Nevada-Reno,1081,15310,21398,20520,7552,9233,0.9281,0.5139,0.6613
Brigham Young University-Hawaii,1081,2664,14544,4770,3449,8794,1,0.4703,0.6538
The Evergreen State College,1081,4017,21433,20661,7560,7679,0.7294,0.5687,0.3895
California Maritime Academy,1080,1044,22223,17696,8025,8259,0.6629,0.5871,0.6862
Le Moyne College,1080,2619,42068,30460,15271,8776,0.4602,0.7383,0.6776
Citadel Military College of South Carolina,1080,2660,24827,29639,10577,8115,0.7082,0.6885,0.7762
Northwest Nazarene University,1079,1251,34498,26550,10827,5691,0.9767,0.4909,0.6501
Newman University,1079,1276,33524,23650,8221,5684,1,0.5188,0.109
Anderson University,1079,2381,35340,22790,12282,6409,0.4195,0.4138,0.5615
Northwest University,1079,1354,34608,25934,14013,6395,0.2521,0.4294,0.3401
University of California-Riverside,1078,18612,29787,35838,11937,11324,0.824,0.6617,0.7592
Savannah College of Art and Design,1078,8750,49179,33450,24510,8024,0.7974,0.683,0.672
Towson University,1078,18534,21596,20020,6494,6670,0.53,0.655,0.5309
Dallas Baptist University,1078,3375,32489,22350,14692,7607,1,0.5518,0.6138
University of Arkansas at Little Rock,1077,8504,19894,16871,6265,7480,1,0.2438,0.2379
Western New England University,1077,2648,45850,33020,19352,9269,0.6088,0.5961,0.8678
The University of Texas at Arlington,1077,25415,21420,17374,7034,8272,0.6343,0.4041,0.4021
Doane College-Lincoln Grand Island and Master,1077,721,12916,9065,6734,5074,0.053,0,NA
University of Rhode Island,1076,13008,26262,28016,12828,9144,0.5907,0.6344,0.7859
The University of Tampa,1075,6476,37714,25772,16142,8424,1,0.6159,0.7528
Manhattanville College,1075,1671,49907,35370,16566,7862,0.3385,0.5832,0.8796
St Bonaventure University,1075,1787,41265,29589,14460,6445,0.6586,0.666,0.8141
Houston Baptist University,1075,2165,36095,27930,13381,6504,0.584,0.4388,0.7141
University of Colorado Denver,1073,10470,18822,22057,12112,9364,0.6723,0.4129,0.3792
Minneapolis College of Art and Design,1073,683,41935,32750,19293,6334,0.8333,0.5959,0.5157
University of New Orleans,1072,6854,16212,19068,7042,7448,0.7303,0.3214,0.4915
Converse College,1072,744,39748,29124,8005,6284,0.9186,0.6194,0.8524
Walla Walla University,1072,1646,34747,25377,17298,4638,0.9496,0.4593,0.7515
Mount Vernon Nazarene University,1071,1774,33321,23690,12936,6099,0.4122,0.6086,0.7432
Tennessee Technological University,1071,9827,19900,22063,4888,7551,1,0.5064,0.7485
University of Montevallo,1070,2610,20209,19690,7161,7035,0.5951,0.4493,0.7331
University of Central Arkansas,1070,9261,17899,13340,4425,6434,0.7542,0.4203,0.6846
California State Polytechnic University-Pomona,1070,20857,19402,17510,4577,9101,0.4882,0.5237,0.5427
University of Idaho,1070,8539,19700,19600,7622,7986,0.7886,0.5381,0.4949
The College of Idaho,1070,1086,34555,24055,10722,5969,0.6328,0.6652,0.8128
University of St Francis,1070,1757,36226,27970,15719,7543,1,0.5657,0.5152
University of Louisiana at Lafayette,1070,14261,15342,15742,5074,7568,0.813,0.4482,0.6731
Endicott College,1070,2621,44177,28926,14258,8415,0.2717,0.7129,0.8135
Andrews University,1070,1765,33653,25470,14877,4961,1,0.6036,0.5284
Oakland University,1070,16113,19198,23873,9411,8482,0.5282,0.4295,0.507
Winona State University,1070,8079,20449,14230,5482,7570,0.6348,0.5646,0.6954
Fontbonne University,1070,1242,30833,22684,15202,6008,0.2768,0.4093,0.3985
Bryan College of Health Sciences,1070,593,26429,12711,14365,5510,0.5072,0.5556,0.2209
Nebraska Methodist College of Nursing & Allied Health,1070,740,23987,13302,13052,5994,0.8226,0.68,0.185
University of Nebraska at Omaha,1070,12153,16860,16890,6147,7860,0.4981,0.4211,0.5518
College of Saint Mary,1070,691,36592,26934,14802,5984,1,0.4194,0.3589
George Fox University,1070,2358,41836,31120,15258,6742,0.4485,0.623,0.6932
Geneva College,1070,1532,34818,25220,12654,6808,1,0.6695,0.8456
Bob Jones University,1070,2755,25781,13460,10434,3834,0.7529,0.6127,0.7545
Bellin College,1070,285,NA,20405,25880,6904,0.8824,0.6786,0.8039
University of Wisconsin-Green Bay,1070,5765,16878,15249,4942,6407,0.9939,0.464,0.3904
University of Wisconsin-Stevens Point,1070,9150,16427,15150,5745,6317,0.9746,0.5804,0.6486
Ave Maria University,1070,904,34729,23000,8918,7598,0.9825,0.5912,0.8038
Spring Arbor University,1069,2860,32709,23400,10534,4953,0.2291,0.5673,0.3938
SUNY College at Brockport,1069,7040,19511,16672,4792,7181,0.5687,0.6676,0.5246
DeSales University,1069,2482,45331,31250,15389,6520,0.3438,0.7033,0.8429
The University of Tennessee-Chattanooga,1069,10184,19192,22760,4864,7477,0.6318,0.3714,0.7218
University of Mary Hardin-Baylor,1069,3006,35000,25200,17201,7197,1,0.4719,0.6601
John Paul the Great Catholic University,1069,140,40896,24900,14416,6738,0.5238,0.5152,0.7581
University of Colorado Colorado Springs,1068,8888,16707,18437,9413,7285,0.5355,0.4598,0.5072
Kennesaw State University,1068,22211,20630,15898,5776,6252,0.5638,0.4338,0.5085
Saint Mary's University of Minnesota,1068,1897,38470,29315,10078,6585,0.1923,0.5516,0.5706
The Richard Stockton College of New Jersey,1068,7491,26086,18715,6960,9242,0.4911,0.6549,0.5007
Corban University,1067,902,38834,27431,14565,5463,0.9524,0.5459,0.7929
Regent University,1067,2286,26825,15838,13845,7404,0.9425,0.5116,0.3328
University of North Carolina at Charlotte,1066,21400,17767,18636,7019,8337,0.7211,0.539,0.5321
Southern Utah University,1066,5620,18042,17902,5380,6526,0.7485,0.526,0.7124
School of the Art Institute of Chicago,1065,2641,55551,40585,28093,9208,0.2219,0.5404,0.6375
Lesley University,1065,1785,47788,32375,18063,7838,0.822,0.4602,0.5681
Norwich University,1065,2432,47341,33371,13149,7147,0.5088,0.5672,0.8119
University of South Alabama,1064,11048,17125,13596,6914,7212,0.6418,0.3342,0.637
Mercyhurst University,1064,2679,42367,30300,12726,5387,0.6293,0.6047,0.8922
University of Sioux Falls,1064,1075,33909,24550,10899,6075,1,0.4747,0.6962
Carson-Newman University,1064,1688,32446,23696,11866,5577,0.5947,0.4954,0.8054
The University of Texas at Tyler,1064,5338,19366,17842,4739,7291,0.7743,0.4412,0.3938
Monmouth University,1063,4557,42307,31018,20140,8286,0.4841,0.6081,0.7366
The University of West Florida,1062,9906,18158,19238,5712,7392,1,0.4232,0.4712
Southwest Baptist University,1062,2515,28948,20040,8741,5605,1,0.5185,0.5585
Philadelphia University,1062,2791,46451,33690,19202,7818,1,0.5827,0.6593
San Francisco Art Institute,1061,468,55809,38406,26288,8172,1,0.2881,0.4286
Palm Beach Atlantic University,1061,2501,37535,25532,15678,7362,1,0.4667,0.4781
University of Massachusetts-Dartmouth,1061,7202,23763,24156,9535,10405,0.6135,0.4903,0.664
Maranatha Baptist University,1061,780,23879,13120,11590,3814,0.6429,0.4843,0.5852
Georgia State University,1060,24128,23124,22936,7284,7149,0.9722,0.5315,0.4933
Mount St Mary's University,1060,1729,45896,34644,15815,7121,1,0.6563,0.8363
Elmira College,1060,1315,50608,38150,15061,4676,0.5251,0.6265,0.8281
Wilkes University,1060,2281,42612,30350,14551,8186,0.4494,0.579,0.6986
West Virginia University,1060,22130,16898,19632,11359,9237,0.7679,0.5744,0.7416
University of Mobile,1058,1472,30108,18690,10339,5024,1,0.4904,0.6565
SUNY College at Cortland,1058,6394,21840,16777,5412,6517,0.4812,0.6951,0.6468
Queens University of Charlotte,1058,1703,40930,29800,14098,4064,0.5504,0.5207,0.6313
Dakota Wesleyan University,1058,754,31596,22700,10120,5452,0.4286,0.4221,0.5581
Dominican University of California,1057,1567,56165,40600,21979,8770,0.2969,0.5387,0.6456
University of New England,1057,2179,47931,33145,19167,7900,0.5362,0.5966,0.5856
Misericordia University,1057,2362,38504,28210,15841,7112,1,0.6923,0.6331
Saint Martin's University,1057,1299,40458,30284,14109,6350,0.4074,0.4774,0.3616
SUNY at Fredonia,1056,5049,20802,16850,4932,6817,0.5169,0.6443,0.7003
SUNY Maritime College,1056,1565,21493,16559,6028,6536,0.6296,0.5014,0.7517
Columbia International University,1055,574,28141,18930,10047,4559,0.9,0.6522,0.5965
Huntington University,1054,1030,34764,24040,10779,5945,1,0.623,0.8094
Molloy College,1054,3322,36702,25710,20700,8716,0.248,0.6622,0.5434
Saint Joseph's College-New York,1054,4408,25290,21878,14615,8720,1,0.7158,0.4995
Lincoln Memorial University,1054,1632,31241,19490,13098,2660,0.7077,0.5304,0.2415
University of Hartford,1053,5026,47368,33358,15424,8178,0.4651,0.5871,0.8486
Anderson University,1053,1862,37937,26280,12680,6395,1,0.5678,0.675
Ball State University,1053,15985,21101,24124,7383,7305,0.8249,0.5938,0.7803
Augsburg College,1053,2661,42531,33209,16275,6868,0.9494,0.6326,0.5951
SUNY Institute of Technology at Utica-Rome,1053,1714,19843,16540,5228,8487,0.4167,0.4778,0.4148
Bryan College-Dayton,1053,1209,29489,21150,8672,4166,0.4621,0.6154,0.3425
Massachusetts Maritime Academy,1051,1362,22420,22033,8929,7967,0.6522,0.6667,0.8691
St Catherine University,1051,3479,43356,34744,16287,6737,0.5379,0.5396,0.3934
Northern Arizona University,1050,22011,22771,22093,6697,7863,0.6172,0.4924,0.5989
Boise State University,1050,16557,18227,18892,6355,6905,0.5643,0.3801,0.3855
Southern Illinois University-Edwardsville,1050,11179,21137,20610,8030,7859,0.7077,0.5041,0.5951
Grace College and Theological Seminary,1050,1286,32506,23970,8046,5839,1,0.6053,0.5307
Buena Vista University,1050,2125,39011,29448,11004,6736,0.1828,0.5265,0.3904
Morningside College,1050,1267,36280,25990,10189,6371,1,0.5799,0.8041
Saint Ambrose University,1050,2716,38189,26740,15956,6754,0.9875,0.613,0.6623
University of Louisiana at Monroe,1050,5863,14925,16890,5286,6958,0.9969,0.4017,0.4786
Lake Superior State University,1050,2299,19571,14880,6843,6061,0.9077,0.42,0.5543
Wayne State University,1050,17789,20199,23714,9162,9689,0.5301,0.3235,0.4728
Northwest Missouri State University,1050,5274,17005,11391,6076,6501,0.8442,0.5017,0.755
Union College,1050,759,30383,20470,16236,5335,0.9412,0.372,0.6246
East Carolina University,1050,20625,19851,20256,6563,7975,0.8428,0.5631,0.7505
University of Mount Union,1050,2056,37502,27380,13695,6839,1,0.6273,0.8558
Gannon University,1050,2697,37572,27546,14875,7326,0.5675,0.6508,0.5446
Marywood University,1050,2034,41657,30690,16335,7887,0.392,0.6511,0.6596
Mount Marty College,1050,676,33103,22892,9944,5217,0.4065,0.5185,0.2243
South Dakota State University,1050,10048,18547,9795,7250,7451,0.8158,0.5566,0.6525
Southern Adventist University,1050,2693,29085,19790,14698,5123,0.9944,0.5969,0.5694
The University of Tennessee-Martin,1050,6554,16227,21451,4784,6882,0.7554,0.4645,0.7494
St Mary's University,1050,2390,35160,25126,19894,9441,0.6287,0.5504,0.8243
The University of Texas at San Antonio,1050,23840,18936,16031,7114,9272,0.7178,0.3,0.6203
Edgewood College,1050,1914,35645,24666,16097,5576,0.5219,0.5662,0.5399
University of Wisconsin-Platteville,1050,7740,16824,15057,6776,6252,0.9921,0.5423,0.74
Trinity Law School,1049,NA,NA,NA,17598,8396,0.0889,NA,NA
Trinity International University-Florida,1049,257,NA,NA,14531,6467,1,NA,NA
Trinity International University-Illinois,1049,899,37929,26830,11132,7250,0.2317,0.4545,0.6642
Minnesota State University-Moorhead,1049,5912,18028,14714,5136,7781,0.6047,0.4624,0.5309
Southeast Missouri State University,1049,9382,17093,12195,7348,6747,1,0.4891,0.664
University of Nebraska at Kearney,1049,5247,19212,12370,4509,7013,0.7265,0.5322,0.6832
Trevecca Nazarene University,1049,1448,30820,22330,12553,6337,1,0.4664,0.7185
Concordia University-Wisconsin,1049,4322,36660,25160,12548,8016,1,0.5569,0.4652
Quincy University,1048,1166,36948,25834,9165,5436,0.4538,0.5043,0.6858
Clarke University,1048,995,38062,28000,15322,6109,0.5743,0.6952,0.5783
Xavier University of Louisiana,1048,2459,27550,20560,15391,8252,0.9011,0.4804,0.8362
Kent State University at Kent,1048,22071,23995,17776,9518,8299,0.8298,0.5152,0.7727
Bethel College-Indiana,1047,1579,33617,24970,13453,5506,0.98,0.6466,0.5041
Stephens College,1047,646,41309,27954,11884,5017,0.9808,0.5856,0.75
William Woods University,1047,1001,33016,20650,9847,5301,0.2143,0.565,0.6752
D'Youville College,1047,1855,32741,22850,16950,6071,0.5761,0.4112,0.4539
Southeastern Baptist Theological Seminary,1047,543,NA,7016,5740,6374,1,0.5556,0.383
Walsh University,1047,2280,34994,25840,12937,5876,0.4745,0.5519,0.6786
McKendree University,1046,2312,37004,26050,10561,6641,1,0.4832,0.5153
Assemblies of God Theological Seminary,1046,NA,NA,NA,8157,7444,1,NA,NA
Evangel University,1046,2071,30988,20040,10369,6433,0.5895,0.5291,0.7951
Roberts Wesleyan College,1046,1302,38826,27364,15256,6293,0.8739,0.6057,0.6612
University of Mary,1046,1865,22936,14730,13334,6158,0.4754,0.4858,0.5423
Malone University,1046,1571,35213,25678,11480,6277,0.4648,0.5866,0.6421
Judson University,1045,1020,37635,27530,12104,6071,0.4224,0.5,0.4749
Lindenwood University,1045,7928,30193,15150,11833,6787,1,0.4484,0.4861
Portland State University,1045,20085,19843,23088,8128,8286,0.5033,0.417,0.2053
York College Pennsylvania,1045,4847,27266,17010,13678,8887,0.3833,0.5777,0.7514
Texas State University,1045,31005,19721,17264,6728,7528,0.7345,0.5737,0.584
Whittier College,1043,1651,49920,40296,25047,8954,0.61,0.6677,0.8765
Pace University-New York,1043,7883,50625,38069,20091,11627,1,0.5146,0.673
Ashland University,1043,3118,40835,29836,11903,6922,0.458,0.5634,0.7384
Capitol College,1042,430,30826,22296,17039,4275,0.1923,0.4286,0.5155
Eastern University,1041,2458,39764,28090,12413,6289,0.3358,0.5466,0.5467
Robert Morris University,1041,4459,38274,25114,16370,9890,1,0.5587,0.7302
Texas Lutheran University,1041,1295,35480,25890,12423,6626,0.6119,0.5151,0.8522
Framingham State University,1040,4255,21402,14160,5825,7977,1,0.5055,0.6437
Meredith College,1040,1543,39296,30562,18352,6925,0.9686,0.6242,0.8283
Westminster College,1040,1313,42474,32445,12438,6470,1,0.7653,0.9773
William Jessup University,1039,1029,34811,24040,14067,7043,0.2564,0.5614,0.4384
Florida Atlantic University,1039,24685,19131,17234,5301,7962,0.6812,0.4105,0.4595
New York Institute of Technology,1039,4307,39014,30780,28199,11418,0.1962,0.4705,0.6279
King University,1039,2121,36533,24960,9244,4703,1,0.5165,0.2821
Rider University,1038,4041,48163,35270,20883,10318,0.4894,0.6576,0.6148
University of New Mexico-Main Campus,1038,20847,16822,20688,5090,8938,0.6987,0.4828,0.7244
Niagara University,1038,2841,38829,28200,13010,8135,1,0.6513,0.5193
University of Jamestown,1038,923,27712,18494,7800,6234,1,0.5227,0.7515
Oral Roberts University,1037,2884,35070,22508,11083,6551,0.6367,0.5336,0.637
Jacksonville State University,1036,7195,19202,13884,6192,6857,0.6516,0.3083,0.5482
Southwestern College,1036,1332,36472,23886,10933,5689,1,0.529,0.3413
Notre Dame of Maryland University,1036,1220,41871,32050,16526,7064,0.3776,0.5283,0.3549
University of La Verne,1035,5128,45305,35000,16881,8605,0.3026,0.5928,0.4568
Roosevelt University,1035,3596,43650,26500,19952,7992,0.3691,0.4144,0.3753
Columbus College of Art and Design,1035,1277,39478,30390,30173,6470,0.3125,0.5908,0.6573
Saint Vincent College,1035,1532,41591,30350,12554,7116,0.9643,0.6998,0.8906
Saint Vincent Seminary,1035,NA,NA,NA,14487,3855,NA,NA,NA
Concordia University-Texas,1035,1493,37394,25880,12791,6269,1,0.3438,0.4433
Hardin-Simmons University,1035,1690,32001,23460,11836,6653,0.7157,0.514,0.7084
University of New Haven,1034,4759,48280,33740,17898,9407,0.3984,0.5443,0.8049
Madonna University,1034,3080,22629,16340,11624,7554,0.9929,0.4294,0.2263
Western Carolina University,1034,8238,17805,15862,5283,7493,0.7182,0.5108,0.6198
Valdosta State University,1033,9634,20958,16814,5388,5998,0.9671,0.4017,0.6581
Greenville College,1033,1101,33675,23612,11504,5649,1,0.5049,0.703
Thomas More College,1033,1208,36843,27345,12622,6325,0.5068,0.5703,0.4862
Belhaven University,1033,2487,33375,19970,8025,4327,1,0.3983,0.2239
Calvary Bible College and Theological Seminary,1033,251,18781,10816,5486,3907,0.4603,0.5,0.3426
Albright College,1033,2333,46170,36660,14776,6340,0.4897,0.5371,0.8506
Southern Illinois University-Carbondale,1032,13220,24234,24716,9537,7208,0.8605,0.4337,0.5837
Midway College,1032,1247,33132,22150,11621,5459,0.331,0.5246,0.2782
Massachusetts College of Liberal Arts,1032,1483,20025,17470,5558,8113,1,0.5659,0.6159
Seton Hill University,1032,1550,40497,30300,14168,6822,0.9815,0.6113,0.5191
Dominican University,1031,2020,36307,28810,14554,6685,0.4464,0.6311,0.7634
University of Toledo,1031,15440,21263,18395,10874,8426,0.7192,0.4543,0.7087
University of Memphis,1031,16178,20899,23024,7413,8304,0.6415,0.432,0.5594
San Jose State University,1030,25723,21160,18503,7238,9155,0.4021,0.4809,0.4769
Simpson University,1030,1024,33889,23300,12950,6144,1,0.4724,0.4515
Concordia University-Chicago,1030,1563,34774,27598,13210,4134,0.6216,0.5348,0.6074
Benedictine University,1030,3739,35481,25516,11908,7686,0.2385,0.5247,0.4856
North Park University,1030,2190,31065,23350,15687,7535,1,0.563,0.5708
University of Northern Iowa,1030,10170,19233,17181,5818,8062,0.7542,0.6649,0.6073
Emporia State University,1030,3724,15612,17388,6666,6268,0.9122,0.4054,0.5734
Louisiana State University-Shreveport,1030,2796,15066,5606,3410,6279,0.7316,0.3255,0.2597
McNeese State University,1030,6777,14823,16603,4070,6410,1,0.3817,0.5677
Nicholls State University,1030,5682,16071,15959,4893,5785,1,0.4126,0.6353
Southeastern Louisiana University,1030,11704,15729,17734,4439,6335,0.7988,0.3582,0.5023
Hood College,1030,1347,45230,33280,14552,7078,0.4024,0.6644,0.6675
Northern Michigan University,1030,7959,18466,14113,7488,7442,0.6967,0.4829,0.7295
Western Michigan University,1030,18755,22483,24109,10693,9016,0.623,0.5491,0.6134
Minnesota State University-Mankato,1030,12542,17578,15036,5622,8155,0.606,0.4904,0.5781
Campbell University,1030,4463,40323,26240,10521,7536,0.4595,0.4893,0.4364
Cleveland State University,1030,11484,22041,12678,10476,8624,1,0.3198,0.4518
Hiram College,1030,1260,42672,30290,14846,5420,0.5405,0.6456,0.7533
Mount Carmel College of Nursing,1030,947,25491,11675,12131,6657,0.6531,0.5595,0.3554
University of Central Oklahoma,1030,15119,16684,13551,5618,6382,0.9819,0.3562,0.5222
Winthrop University,1030,4704,24595,26240,8375,7223,0.5952,0.5587,0.615
Northern State University,1030,1758,17334,9562,4979,6801,0.9153,0.4853,0.319
Memphis College of Art,1030,367,37855,27500,15765,5255,0.4423,0.4722,0.7872
Liberty University,1030,47079,31344,20768,9565,4102,0.6333,0.5017,0.2791
Marymount University,1030,2371,36832,26430,18584,8270,0.4316,0.5758,0.5688
Washington State University,1030,22825,26292,25409,10434,8547,0.7903,0.6548,0.61
University of Wisconsin-Whitewater,1030,10438,16107,15151,6665,7073,0.987,0.5483,0.6675
University of Wisconsin-Oshkosh,1030,10633,16935,14974,5707,6793,0.9882,0.5351,0.3747
University of Wisconsin-Stout,1030,8094,18192,16714,5612,6504,0.9763,0.5426,0.6697
University of Wisconsin-Milwaukee,1030,21747,21203,19029,8308,8037,0.9599,0.4141,0.5972
University of Wisconsin-River Falls,1030,5506,16682,15293,6045,7066,0.9814,0.5141,0.6549
University of Northern Colorado,1029,9525,19105,18507,9051,7487,0.6597,0.4638,0.6727
Rockford University,1029,963,37253,26710,13521,5567,0.4464,0.3947,0.2747
Murray State University,1029,7956,16397,19164,7185,7145,0.7614,0.5291,0.484
Springfield College,1029,2157,44829,32560,15822,8240,1,0.6856,0.8557
Central Michigan University,1029,20070,21523,23670,9329,8603,0.6836,0.5929,0.6241
Hannibal-LaGrange University,1029,921,27560,18770,8563,5168,1,0.6567,0.3271
University of North Carolina at Greensboro,1029,14138,17362,20180,5580,7926,0.821,0.5541,0.5784
Springfield College-School of Human Services,1029,1319,NA,NA,9190,7648,1,NA,NA
University of North Alabama,1028,5536,15058,12670,6530,7152,0.9882,0.3216,0.5663
Faith Baptist Bible College and Theological Seminary,1028,220,24930,15546,9772,4992,0.6,0.5934,0.7407
Morehead State University,1028,7344,17805,18746,5386,6527,0.7745,0.4035,0.7489
Avila University,1028,1336,34898,24950,12257,6747,0.3391,0.4912,0.5014
Ohio Dominican University,1028,1483,40370,28932,12100,6712,1,0.4092,0.3207
Bryn Athyn College of the New Church,1028,269,25576,17724,7331,7304,1,0.5854,0.8511
Bluffton University,1027,941,40078,28504,10693,5189,0.9178,0.5971,0.6944
Columbia College,1027,995,37599,26800,12071,5435,0.5891,0.4244,0.452
Cardinal Stritch University,1027,2680,37563,25450,11171,6163,0.2215,0.4162,0.4333
Clearwater Christian College,1026,491,28463,17125,11037,4964,0.56,0.5366,0.7143
Maine Maritime Academy,1026,994,23673,22770,15845,3639,1,0.752,0.6078
SUNY College at Plattsburgh,1026,5494,20371,16629,5027,6830,0.5556,0.6033,0.5979
Saint Francis University,1026,1665,42492,29992,13397,7194,1,0.7146,0.9901
East Tennessee State University,1026,11399,22485,22561,6934,6711,0.6949,0.4129,0.5978
Appalachian Bible College,1026,204,22543,12945,6377,2978,1,0.6207,0.3922
Oregon Institute of Technology,1025,3443,18801,22188,6574,6667,0.8969,0.444,0.1896
Widener University-Main Campus,1025,3188,50294,38028,21499,7473,0.4351,0.5601,0.8345
Widener University-Delaware Campus,1025,105,24366,13050,21292,12489,0.314,0.8,0.1622
Widener University-Harrisburg Campus,1025,NA,NA,NA,19735,11765,0.4878,NA,NA
Marian University,1024,2054,39369,28400,13214,5762,0.4569,0.524,0.4441
Northern Kentucky University,1024,11976,14603,16464,8624,6780,0.9887,0.3792,0.6092
Rocky Mountain College,1024,961,32987,23718,11160,5787,0.6339,0.4033,0.7147
Florida Gulf Coast University,1024,12795,18097,25440,4700,7382,0.6817,0.4416,0.6831
Wheeling Jesuit University,1023,1139,34213,27830,13619,5731,0.6197,0.5375,0.7003
Johnson University,1022,826,19898,10800,7453,5485,1,0.5723,0.675
Marshall University,1022,9098,16361,14446,5686,6867,0.7287,0.4438,0.6275
California State University-Fullerton,1021,33000,16663,17346,6147,8521,0.4622,0.5347,0.4732
Midwestern Baptist Theological Seminary,1021,255,19623,6320,4168,4976,0.8889,0.1304,0.4146
West Virginia Wesleyan College,1021,1356,38796,26794,10171,5516,0.6742,0.601,0.9199
Ottawa University-Phoenix,1020,335,NA,NA,7555,5768,0.9286,NA,NA
Concordia University-Irvine,1020,1916,41233,29630,12540,7044,0.3442,0.6256,0.6175
Ottawa University-Ottawa,1020,533,35017,23964,9954,5650,0.9623,0.3354,0.7701
Ottawa University-Kansas City,1020,246,NA,NA,3389,999,1,NA,NA
CUNY Lehman College,1020,9020,12957,12618,4011,7271,0.4767,0.3696,0.1986
School of Visual Arts,1020,3469,48993,32270,30808,4887,0.1403,0.6459,0.6643
Southern Oregon University,1020,4436,18285,19900,5643,7096,0.6789,0.367,0.3156
Ottawa University-Milwaukee,1020,289,NA,NA,7776,5519,NA,NA,NA
Ottawa University-Jeffersonville,1020,87,NA,NA,5198,6250,NA,NA,NA
Ottawa University-Online,1020,379,NA,NA,35041,7992,1,NA,NA
Hebrew Theological College,1019,458,33966,18605,4231,5525,0.2963,0.0484,0.9605
University of the Cumberlands,1019,1545,30993,20000,8642,5417,0.5668,0.4345,0.5661
University of Indianapolis,1018,4108,36158,24660,13724,6903,0.9885,0.571,0.7048
Gardner-Webb University,1018,2559,35790,25830,9951,6413,1,0.569,0.5345
Ursuline College,1018,798,35976,26720,16468,5748,0.3349,0.5,0.4904
Pacific Union College,1017,1601,38800,27480,16425,6452,0.9,0.4452,0.668
Eastern Connecticut State University,1017,4920,22633,20881,6540,8091,1,0.508,0.5698
Manchester University,1017,1188,38505,27920,10893,6924,0.7676,0.4873,0.9362
Tabor College,1017,706,35960,22730,9629,4248,1,0.55,0.5679
Worcester State University,1016,5033,18494,14237,6291,8356,1,0.4882,0.5454
University of Akron Main Campus,1016,19022,21338,18418,9302,9209,0.4845,0.4166,0.6899
Baptist Bible College & Seminary of Pennsylvania,1016,606,28001,19710,10008,5764,0.8667,0.4969,0.6
Old Dominion University,1016,19483,20531,24210,5958,8729,0.9663,0.5117,0.5542
Shenandoah University,1016,1859,41369,29934,15890,7367,0.5901,0.4559,0.7545
University of Massachusetts-Boston,1015,11786,19763,27430,12102,10100,0.5202,0.4358,0.3824
Waynesburg University,1015,1559,28822,20540,11867,6633,0.2877,0.5398,0.9024
California State University-Chico,1014,15106,22926,18132,5091,8370,0.5281,0.5605,0.5617
Kansas Wesleyan University,1014,664,34402,23800,11677,5498,0.5909,0.4273,0.5593
Suffolk University,1014,5535,45280,31716,24014,8494,0.4659,0.5489,0.723
Millersville University of Pennsylvania,1014,7313,21756,18990,7466,9485,0.6477,0.6078,0.6279
Reinhardt University,1013,1191,30734,18670,10742,5710,0.3628,0.2821,0.8515
Indiana University-Purdue University-Indianapolis,1013,21569,20846,29571,10524,7713,0.5751,0.4161,0.5785
Wingate University,1013,2002,35465,25040,12360,7232,1,0.5305,0.8515
California State University-Long Beach,1012,30440,18085,17400,5322,8671,0.5029,0.6033,0.5294
Henderson State University,1011,3190,18033,13700,2994,5606,1,0.2854,0.6966
Aurora University,1011,3236,31145,20720,11016,7064,0.2335,0.576,0.6022
Eastern Michigan University,1011,18543,18905,24909,9158,8853,1,0.3844,0.5481
Middle Tennessee State University,1011,20914,17501,23002,5632,7029,0.7393,0.4565,0.6095
Jacksonville University,1010,3360,42459,29900,12056,6923,0.9793,0.3821,0.452
Eastern Illinois University,1010,8255,23346,28124,7891,7773,0.817,0.6033,0.5852
Northern Illinois University,1010,15782,27621,22072,7618,7834,0.7883,0.5095,0.5741
Saint Xavier University,1010,2891,35284,28970,12927,7886,0.4472,0.4714,0.6267
Mount Mercy University,1010,1454,37183,26310,14864,6007,1,0.7286,0.3468
Upper Iowa University,1010,4513,35190,24400,8892,5794,0.9882,0.3963,0.5074
Pittsburg State University,1010,6005,15211,15786,4634,6987,0.7627,0.5015,0.6022
Brescia University,1010,869,27219,19640,11572,5221,0.4519,0.2979,0.4352
Our Lady of the Lake College,1010,1483,21335,10532,10679,6138,0.509,0.3594,0.3579
College for Creative Studies,1010,1352,46095,35710,22452,6882,1,0.5583,0.5464
Ferris State University,1010,12646,21498,16722,9574,7942,0.6112,0.4319,0.4571
Saint Cloud State University,1010,11535,17892,15156,5008,8224,0.6295,0.478,0.2985
Southwest Minnesota State University,1010,2426,19109,8074,3689,8030,0.5176,0.4283,0.1227
William Paterson University of New Jersey,1010,9930,21990,19458,9726,10225,0.9799,0.5012,0.4555
The University of the Arts,1010,1865,52401,36582,20199,6980,1,0.6378,0.7879
Erskine College,1010,574,45198,31580,10220,5887,0.9512,0.5644,0.828
Dakota State University,1010,1743,17201,9506,6380,6855,0.7244,0.4733,0.2335
Lubbock Christian University,1010,1466,28493,18740,9939,5878,0.5526,0.4125,0.5247
University of Wisconsin-Superior,1010,2415,16953,15519,5673,6307,0.9917,0.4111,0.4392
University of California-Merced,1010,5837,30637,36038,8846,8657,0.8201,0.5674,0.9408
Eastern Kentucky University,1009,13247,17801,16608,5757,6910,0.7905,0.3888,0.5894
Western Kentucky University,1009,15780,16538,22248,7278,6983,0.6465,0.4368,0.7443
Iona College,1009,3166,44623,32770,19064,9082,0.5068,0.6258,0.6553
Art Academy of Cincinnati,1009,206,32485,24330,24802,4533,0.16,0.5313,0.8182
Bowling Green State University-Main Campus,1009,14161,22416,18034,8604,7669,0.7477,0.541,0.7815
Austin Peay State University,1009,9271,18852,21372,5498,6879,1,0.3603,0.4895
University of North Georgia,1009,14502,16525,12133,4149,5492,0.8824,0.2597,0.5925
Alaska Pacific University,1008,340,42925,29810,13615,5137,1,0.3902,0.2263
Arkansas Tech University,1008,8734,16126,10374,3247,6096,1,0.4025,0.6977
Humboldt State University,1008,7748,23113,18304,5300,8148,0.5414,0.4004,0.57
Kuyper College,1008,283,26213,18454,12964,5270,0.3934,0.4179,0.4458
Cairn University-Langhorne,1008,840,32509,22455,10853,5653,0.5351,0.6988,0.6618
The University of Texas of the Permian Basin,1008,2947,14292,13674,5242,7196,0.596,0.2688,0.3685
Union College,1007,808,31769,22000,10953,4540,0.6588,0.3418,0.7331
Northwestern State University of Louisiana,1007,7026,16605,16327,5198,5898,0.9873,0.3739,0.6756
Blue Mountain College,1007,497,16926,9470,5521,4550,0.9512,0.5088,0.4091
Shepherd University,1007,3695,14846,15840,4759,6561,0.4959,0.3792,0.5596
Lakeland College,1007,2449,32706,22950,9650,6425,0.179,0.5083,0.2536
Sonoma State University,1006,8321,23675,18394,6880,8448,0.4814,0.5392,0.6475
Central Connecticut State University,1006,9512,20372,20211,7671,8513,0.4879,0.5191,0.5128
Mount Saint Mary College,1006,2155,38808,26250,16976,8458,0.3485,0.522,0.6598
Wilmington College,1006,1163,39415,28190,11265,5915,0.9583,0.3841,0.7926
Central Methodist University-College of Graduate and Extended Studies,1006,1624,NA,NA,2852,4869,0.0435,NA,NA
Western State Colorado University,1005,1956,18875,17284,7032,6173,0.7325,0.4242,0.7468
Hawaii Pacific University,1005,5386,29762,20180,14333,8603,0.4071,0.3961,0.332
Delaware Valley College,1005,1774,44778,32890,16920,7140,0.436,0.5684,0.7894
University of Southern Indiana,1004,8764,17996,15553,4864,6363,0.5682,0.3954,0.7229
Fairleigh Dickinson University-Metropolitan Campus,1004,3915,43227,34882,17362,8296,0.2433,0.465,0.2025
Fairleigh Dickinson University-College at Florham,1004,2242,51159,37348,27238,8250,0.3457,0.5423,0.7747
Minot State University,1004,2693,14549,6086,4815,6338,0.6758,0.3732,0.3302
Emory & Henry College,1004,907,40866,28966,11878,6133,1,0.4792,0.7811
University of Southern Maine,1003,6079,22290,21280,9033,8522,0.4725,0.3356,0.3127
University of Nevada-Las Vegas,1003,22742,17478,20600,6600,9986,1,0.4288,0.5636
Otis College of Art and Design,1002,1029,52397,39430,27612,6936,1,0.5731,0.5882
Kettering College,1002,783,19993,10032,12284,6776,1,0.6271,0.3135
Slippery Rock University of Pennsylvania,1002,7544,21303,12529,6800,9336,0.8684,0.6262,0.6835
Longwood University,1002,4357,23707,24210,6371,7013,1,0.6341,0.7821
Lynchburg College,1002,2140,41818,33565,15444,7038,1,0.5619,0.7734
Georgia Regents University,1002,5456,7715,9723,8867,7938,1,0.2935,0.5007
Piedmont College,1001,1281,32031,20730,8071,5734,0.5138,0.4611,0.7147
Missouri Baptist University,1001,1710,30542,21790,9212,5248,0.24,0.4407,0.1224
College of Staten Island CUNY,1000,12974,14298,12668,3881,7198,0.3447,0.2912,0.6867
Sam Houston State University,999,16255,19173,15518,7143,7316,0.7269,0.5061,0.4889
Eastern Mennonite University,999,1148,38009,29350,14945,5903,1,0.6355,0.5786
San Francisco State University,998,25271,22267,17610,6712,9147,0.4877,0.455,0.4296
Saint Josephs College,998,1096,37135,27350,6332,5443,1,0.4367,0.716
Santa Fe University of Art and Design,998,659,41417,30136,8615,6682,NA,0.241,0.4729
SUNY College at Old Westbury,998,4045,15888,15874,4018,8055,0.4412,0.3649,0.3682
Stephen F Austin State University,998,10715,21909,19032,5908,7087,0.7964,0.4317,0.6806
Armstrong Atlantic State University,997,6206,19802,14847,4637,5620,0.9627,0.343,0.5168
Point Park University,997,3164,36726,26170,17100,7853,0.2354,0.4978,0.5019
Texas Wesleyan University,997,1719,30696,22040,18728,6803,0.586,0.4123,0.461
Lincoln Christian University,996,613,25309,16050,13726,5114,0.8868,0.4667,0.5411
Indiana University-Purdue University-Fort Wayne,996,9795,18837,16845,5645,7355,0.9353,0.2594,0.3458
Wheelock College,996,839,45591,31880,16294,6999,0.7391,0.5446,0.7388
La Salle University,996,4228,47134,38200,16930,9266,0.4142,0.6443,0.7591
LaGrange College,995,854,37305,25690,13383,5532,1,0.375,0.7695
Westfield State University,995,5524,19468,14774,7287,8356,0.4685,0.585,0.6965
Mississippi University for Women,995,2252,15935,15360,4384,5914,0.6463,0.366,0.233
Grace University,995,410,27873,18256,8357,5045,0.3676,0.5244,0.6
Schreiner University,995,1051,33631,22484,11488,5712,0.595,0.4084,0.7686
West Texas A & M University,994,6890,17553,7220,5769,7359,0.7562,0.403,0.5635
University of Michigan-Flint,993,6746,16731,18238,9811,7606,0.545,0.3754,0.3636
Concordia University-Portland,993,1378,35963,27492,13342,7401,0.2227,0.5549,0.4339
Wilson College,993,468,39818,29370,11650,6535,0.9773,0.5732,0.5385
Coastal Carolina University,993,8570,21601,22770,11355,7130,1,0.4584,0.6842
Black Hills State University,993,3156,15906,9617,6118,6666,0.8645,0.3347,0.3547
Texas A & M University-Texarkana,993,1391,14147,14002,5426,8052,0.2827,NA,0.3621
Midwestern State University,993,5192,15704,9615,6401,7118,0.7671,0.4422,0.5749
Bridgewater State University,991,9489,19303,14193,7711,8315,1,0.5751,0.5547
Concordia University-Saint Paul,991,1927,40267,19700,10307,4358,0.2345,0.4627,0.2511
University of Charleston,991,1373,32147,19650,11740,6012,0.6534,0.4568,0.4322
Troy University,990,16208,16877,13612,8133,5996,0.4007,0.3466,0.4673
Fort Hays State University,990,11064,15395,12821,5138,6488,0.8639,0.4471,0.2982
Stevenson University,990,3923,38785,27082,13905,9724,0.2977,0.5613,0.7416
Rochester College,990,960,26399,19920,11665,4144,0.8298,0.4301,0.4213
Saginaw Valley State University,990,8687,17876,19776,7793,7489,0.4233,0.3894,0.6594
Siena Heights University,990,2325,31980,21890,9187,5676,0.9785,0.431,0.3456
Bemidji State University,990,4397,18166,8124,4881,7669,0.6101,0.4758,0.5028
University of Central Missouri,990,9160,18355,13659,6183,6867,0.9939,0.5358,0.5155
Missouri Southern State University,990,5132,14143,10225,3721,6592,1,0.3708,0.449
Southwestern Oklahoma State University,990,3985,16660,11820,3700,6233,1,0.3292,0.6188
Bloomsburg University of Pennsylvania,990,9245,21732,18706,7691,8655,0.8296,0.6182,0.7827
Hampton University,990,3529,32358,20724,11388,7455,0.9859,0.6751,0.7886
University of Wisconsin-Parkside,990,4354,15218,14889,4901,6277,0.9847,0.3073,0.5641
Southern Arkansas University Main Campus,989,2640,17738,10616,3465,6077,0.6831,0.2973,0.7402
Vaughn College of Aeronautics and Technology,989,1721,30790,20450,14328,9139,1,0.3646,0.572
Cincinnati Christian University,989,669,25900,15266,9940,5323,0.2804,0.3894,0.5892
College of Mount St Joseph,989,1655,31989,25800,15013,6401,1,0.5821,0.629
Alderson Broaddus University,989,1032,33057,22740,9586,4924,1,0.4575,0.8359
Oakland City University,988,587,31104,19200,10681,3610,0.7989,0.6299,0.1549
University of Saint Mary,988,782,31515,23170,12320,5695,1,0.5303,0.3768
Woodbury University,987,1353,42465,33150,21113,9365,0.2633,0.4465,0.3276
Fitchburg State University,987,4148,17686,15065,6004,8371,0.5562,0.5029,0.6096
Texas A & M University-Commerce,987,6951,18487,17203,7721,7743,0.5806,0.4518,0.4444
San Diego Christian College,986,889,37696,25888,18089,5271,0.2844,0.4125,0.4433
Salem State University,986,7134,20601,14270,6709,8765,0.9972,0.4558,0.5097
The College of New Rochelle,986,3207,43273,31260,12484,8030,0.2377,0.2634,0.6418
Cumberland University,986,1198,33402,20200,9749,5864,0.4067,0.3714,0.4501
Central Washington University,986,9958,21401,20886,6413,7306,0.6774,0.5132,0.4676
Campbellsville University,985,2213,31545,22196,8816,5692,1,0.4377,0.3314
Catawba College,985,1273,37818,26820,17950,6342,1,0.5263,0.6893
California Baptist University,984,5797,39026,28122,18014,8355,0.4779,0.5808,0.5488
Columbus State University,984,6849,17029,15556,5949,6212,0.6241,0.3012,0.5283
Tarleton State University,984,11328,17709,14352,5831,7074,0.5227,0.4336,0.4743
West Liberty University,984,2412,18406,13540,4915,6482,1,0.4148,0.5467
Crown College,983,1095,34574,22430,11569,4584,0.2467,0.5563,0.66
Lake Erie College,983,839,39085,27368,10917,6327,1,0.4473,0.7007
Muskingum University,983,1641,33630,23662,10871,7269,0.5963,0.4791,0.7235
Wesleyan College,982,530,30878,19775,9336,7250,1,0.6389,0.5694
New Mexico State University-Main Campus,982,12886,17290,19644,4016,7954,0.9384,0.4328,0.7265
Lancaster Bible College,982,1212,27372,18270,12076,5605,0.3851,0.6952,0.3436
Moore College of Art and Design,982,437,47675,34048,23067,5557,0.1571,0.5758,0.6379
University of South Carolina-Upstate,982,4952,20848,20226,5701,6139,0.9656,0.405,0.4178
Northwood University-Florida,981,609,33485,22130,13200,6891,1,0.3525,0.4901
University of Saint Francis-Fort Wayne,981,1878,31516,25180,14943,5666,0.6219,0.5356,0.5629
Northwood University-Michigan,981,2920,32803,22130,11712,6534,1,0.5414,0.3208
Oklahoma Wesleyan University,981,1110,32241,22252,12207,5309,0.3077,0.5688,0.4634
Northwood University-Texas,981,645,31642,22130,9873,6060,1,0.3083,0.4372
Vanguard University of Southern California,980,2057,41952,29250,15125,7714,1,0.5232,0.5478
Shippensburg University of Pennsylvania,980,6493,20840,17916,7165,9483,0.7343,0.5483,0.7762
Radford University,980,8866,19987,21141,5606,7705,0.6762,0.5853,0.7162
Concord University,980,2474,17146,13490,2738,6123,0.5327,0.3576,0.7131
Fresno Pacific University,979,2496,33973,25716,14221,6562,0.8403,0.5412,0.2838
Grand View University,979,2079,31761,22628,13494,6421,0.4095,0.4795,0.4901
Friends University,977,1568,33388,23430,13821,6443,0.3392,0.3165,0.367
Valley Forge Christian College,977,767,29736,19394,13075,4733,1,0.4176,0.7016
Kentucky Christian University,976,547,29246,17418,8501,4594,1,0.3865,0.6355
Cleary University,976,450,17823,18720,13682,5403,0.0403,0.4423,0.3613
Lenoir-Rhyne University,976,1409,39425,29310,11750,6600,1,0.4877,0.73
Alvernia University,976,2169,39999,29060,16643,6152,1,0.5132,0.6695
California State University-Monterey Bay,976,5153,18479,17123,4501,7478,0.457,0.3828,0.4889
Purdue University-Calumet Campus,975,7466,16727,14966,6683,7937,0.9528,0.3131,0.3274
Franklin Pierce University,975,1664,44410,31000,12942,5299,0.3214,0.4409,0.8523
Keene State College,975,4643,24614,20161,11350,8750,0.4861,0.634,0.8788
Buffalo State SUNY,975,9190,18088,16382,3990,7444,0.4941,0.4892,0.5346
Lasell College,974,1667,43854,30000,17406,7409,0.3224,0.5294,0.8597
Northwest Christian University,974,478,34807,24930,9587,5040,0.9706,0.4615,0.5734
Lamar University,974,9175,21142,15925,6771,7689,0.7955,0.346,0.6095
Metropolitan State University of Denver,973,21696,14034,17837,5392,5904,1,0.2597,0.3384
Indiana University of Pennsylvania-Main Campus,973,12405,22936,20216,7816,9088,0.6653,0.5119,0.7801
Charleston Southern University,973,2904,33245,22090,11674,6087,0.5867,0.3615,0.6501
University of South Carolina-Aiken,973,2956,18466,18340,5206,6243,0.6145,0.4212,0.5485
Notre Dame de Namur University,972,1209,47115,31126,18965,8084,0.2827,0.4792,0.5
Colorado Mesa University,972,8733,18077,16748,6199,6428,0.4544,0.3005,0.7429
Chaminade University of Honolulu,972,1864,30801,20090,13775,8006,1,0.3843,0.5389
Ohio Valley University,971,394,27759,18750,9340,4740,0.2561,0.3645,0.6953
Auburn University at Montgomery,970,4322,16556,24950,7625,7173,0.9262,0.2705,0.533
Western Illinois University,970,9873,24375,15969,7597,8263,0.9028,0.561,0.5554
Midland University,970,1189,36214,27146,10948,5733,1,0.493,0.7429
Montclair State University,970,15182,22773,20196,8938,9661,0.3574,0.6339,0.6403
New York School of Interior Design,970,394,41178,26540,28158,6015,NA,0.5556,0.2079
Northeastern State University,970,7215,13296,12012,4087,5721,0.609,0.2969,0.3629
Eastern Washington University,970,11672,19831,19612,7467,7287,0.6404,0.4524,0.5104
Graceland University-Lamoni,969,1434,34494,23530,10433,4986,1,0.4704,0.4917
Tiffin University,969,3309,34771,20700,6222,6822,0.2264,0.461,0.4099
East Central University,969,3757,13735,12643,4410,5225,1,0.3384,0.5936
Louisiana College,968,1081,22940,14120,8282,5513,1,0.4251,0.755
Colorado State University-Pueblo,967,4375,18007,17649,5059,6619,0.4771,0.3306,0.6033
University of Hawaii at Hilo,967,3335,15284,18296,6601,8745,0.7556,0.3642,0.4025
Valley City State University,967,924,16086,14596,5331,5793,0.5772,0.462,0.3715
University of the Incarnate Word,967,6346,34487,24790,14974,7616,0.4557,0.4,0.527
California State University-San Marcos,966,10689,20386,17809,7628,8357,0.4852,0.4791,0.5496
Southern New Hampshire University,965,17172,39677,28884,10913,6991,1,0.542,0.2481
Plymouth State University,965,3986,24828,20030,11139,8065,0.4119,0.5596,0.7724
Angelo State University,965,5430,19511,15055,6454,6867,0.7851,0.2975,0.6785
Fairmont State University,965,3856,14710,12288,3141,6656,0.9405,0.3513,0.6149
Bay Path College,964,1454,40447,29959,14058,7754,0.2182,0.555,0.3261
Defiance College,964,871,38824,28690,12865,5811,0.3226,0.4558,0.7767
California University of Pennsylvania,964,6393,23081,13091,8093,9416,0.6737,0.4976,0.6295
Mansfield University of Pennsylvania,964,2640,21432,19316,6264,9064,0.6389,0.4962,0.7378
Frostburg State University,963,4575,19454,18376,4987,6570,0.6569,0.4655,0.6332
Southwestern Christian University,963,801,22983,14220,14390,4314,0.3373,0.2973,0.4423
Jefferson College of Health Sciences,963,810,31688,22400,16798,6610,0.5444,0.3974,0.2651
Indiana University-South Bend,962,5538,17377,17778,5333,5575,0.5782,0.258,0.2941
Husson University,962,2290,25019,15130,14005,6539,0.3693,0.4654,0.688
Daniel Webster College,962,626,27321,15630,13033,5077,0.3222,0.5356,0.6623
Methodist University,961,2172,45011,27830,13883,6726,0.6853,0.4249,0.6143
Tusculum College,961,1844,32783,22250,9276,4906,1,0.3391,0.7985
Saint Joseph's College of Maine,960,1276,43119,30990,12041,5824,1,0.5543,0.5353
Chestnut Hill College,960,1510,42663,31170,14874,6218,0.2353,0.4188,0.4408
Texas A & M University-Corpus Christi,960,9137,17782,15668,6678,7505,0.6801,0.4021,0.6783
Kutztown University of Pennsylvania,959,8538,23130,18943,7387,8599,0.9149,0.5482,0.7086
Mary Baldwin College,959,1307,39432,28720,11530,6471,0.2721,0.3908,0.5636
Brenau University,957,1683,34107,23350,12867,6737,0.4601,0.4554,0.3814
East Texas Baptist University,957,1132,30172,22590,12202,6153,0.7653,0.3333,0.6982
Mount Mary University,957,811,33166,25098,14521,5671,0.8642,0.4118,0.4363
Centenary College,956,1708,44586,30540,15624,6656,1,0.5673,0.5691
Southeastern University,955,2633,30333,19986,12284,6899,1,0.3835,0.5584
Shorter University,954,1518,30642,19670,9161,5154,0.6753,0.4638,0.6993
Purdue University-North Central Campus,954,3514,13713,17105,4733,6971,0.9619,0.2638,0.2281
Barclay College,954,233,24990,14090,15136,4622,0.9565,0.5946,0.4568
Eastern Nazarene College,954,1313,36567,27922,11697,5561,0.3112,0.5,0.75
Regis College,954,1188,47432,34380,17595,7055,1,0.4867,0.821
Pfeiffer University,954,947,34515,24150,11155,5808,0.6667,0.4815,0.6916
Castleton State College,954,2022,20799,24014,12064,6175,1,0.5149,0.7465
California State University-Channel Islands,954,4950,22570,17631,5852,8434,0.4741,0.5156,0.4676
Shorter University-College of Adult & Professional Programs,954,922,31260,8160,13904,4345,0.3582,0.549,NA
Howard Payne University,953,1059,32861,23200,11845,5553,1,0.4196,0.788
Texas Woman's University,953,9220,16345,17965,5374,7511,0.9718,0.4146,0.4192
Spalding University,952,1277,31021,22425,14240,7132,0.5263,0.4019,0.5
Hope International University,951,872,40303,26050,11581,5232,0.9,0.4508,0.3439
University of West Alabama,950,1988,17959,14170,9161,6408,0.5404,0.3161,0.5887
University of Saint Joseph,950,971,42885,33417,16296,8193,0.942,0.5212,0.612
Georgia Southwestern State University,950,2598,17839,14797,4347,5689,0.9658,0.3582,0.4239
University of West Georgia,950,9777,18879,15903,5394,5787,0.8225,0.4287,0.7004
Indiana University-Kokomo,950,2708,15874,17778,4930,5680,0.5093,0.2756,0.2485
Indiana University-Southeast,950,5699,16753,17778,5156,6539,1,0.3014,0.4914
MidAmerica Nazarene University,950,1390,32388,22290,9283,6156,0.949,0.553,0.3838
Delta State University,950,2638,17749,6562,5429,5908,0.6454,0.3543,0.4467
CUNY John Jay College of Criminal Justice,950,12838,13308,12569,3994,7339,0.3844,0.335,0.4682
Montreat College,950,661,33963,23520,8906,5125,1,0.419,0.417
Southeastern Oklahoma State University,950,3363,14050,13440,4433,6679,1,0.3059,0.3811
Western Oregon University,950,5142,21732,21759,5590,6100,0.5928,0.4443,0.5055
Alverno College,950,1833,30496,23231,17364,5550,0.4491,0.3852,0.5088
Marian University,950,1676,33656,24650,12247,6545,0.3616,0.4887,0.4806
Silver Lake College of the Holy Family,950,299,33274,23180,9864,4368,0.36,0.3684,0.2685
Caldwell College,949,1570,38223,29000,16805,7944,1,0.5345,0.7426
Southwestern Adventist University,949,715,27907,18640,11983,6105,0.5341,0.3824,0.6901
Cedar Crest College,948,1252,41240,33000,16566,7031,0.4335,0.5991,0.3627
Johnson State College,948,1433,20404,21950,10824,6661,1,0.3659,0.5558
Florida Agricultural and Mechanical University,947,8825,19191,17725,5104,7994,0.9972,0.4094,0.7405
Utica College,946,2831,44394,33320,15638,7905,0.3549,0.4715,0.5376
Carlow University,946,1496,35640,25416,15874,6870,1,0.6231,0.2231
East Stroudsburg University of Pennsylvania,946,6109,20282,19115,9230,9215,0.814,0.5604,0.5969
California State University-Sacramento,945,25991,19380,17788,5274,8364,0.4894,0.4285,0.4094
Lander University,945,2750,21628,19136,5591,5675,0.5958,0.515,0.6945
LIU Brooklyn,944,4905,42712,34120,23038,9917,0.427,0.3017,0.5407
LIU Post,944,4067,44701,34070,20243,10748,0.3926,0.3902,0.1262
LIU Hudson at Rockland,944,NA,NA,NA,21921,12301,0.3636,NA,NA
LIU Brentwood,944,23,NA,NA,20397,11481,0.3864,NA,NA
Gwynedd Mercy University,944,2031,39051,29450,15429,7046,0.2358,0.6598,0.4121
LIU Hudson at Westchester,944,NA,NA,NA,22939,14729,0.4286,NA,NA
LIU Riverhead,944,56,NA,NA,20121,9735,0.2188,NA,NA
Indiana University-East,943,3132,15334,17778,4719,5755,0.3836,0.2348,0.2128
Notre Dame College,943,1792,36250,26344,12208,4881,0.9828,0.387,0.5054
Immaculata University,943,2452,45011,30740,11628,5130,1,0.4828,0.5305
West Virginia State University,942,2195,13756,13864,3799,6067,0.6731,0.1868,0.6219
Webber International University,941,662,34949,21050,12442,4783,0.92,0.3333,0.6811
Mars Hill University,941,1393,36669,25636,9187,5017,0.5986,0.3818,0.7582
Averett University,941,870,36240,27500,14621,6415,1,0.3277,0.7143
Averett University-Non-Traditional Programs,941,790,NA,NA,9912,5570,1,NA,NA
Lynn University,940,1732,48735,33600,21746,5194,0.8182,0.4128,0.6711
University of Baltimore,940,3479,24835,16288,10352,9786,0.4622,0.3759,0.2735
Nichols College,940,1260,44886,32370,14317,5479,0.4646,0.4656,0.8536
St Francis College,940,2725,24739,20700,12946,8739,0.2544,0.5209,0.7447
Wayland Baptist University,940,4246,21543,12550,8331,4845,1,0.332,0.4817
Adams State University,939,2227,17759,18081,6026,5986,0.5088,0.227,0.6535
Clayton State University,939,6445,17487,14915,4628,6019,0.7957,0.2671,0.2436
Barton College,939,1043,37437,25396,14382,5838,0.6696,0.4839,0.6761
Ohio Christian University,939,3155,33077,17720,9752,1476,1,0.3143,0.274
Francis Marion University,938,3380,19965,18364,5615,7223,0.7782,0.4059,0.6065
Tuskegee University,937,2584,32853,18900,14071,6679,0.9685,0.4384,0.9034
Lock Haven University,937,4783,19145,17023,6779,9142,0.9366,0.4733,0.7949
The University of Texas-Pan American,937,17200,11601,13669,3951,7552,0.8549,0.393,0.6852
Bethany College,936,690,38226,25736,11782,5693,0.7089,0.4781,0.8551
Eastern Oregon University,935,3422,18959,16755,4456,6057,0.8714,0.2325,0.2958
Indiana Institute of Technology,934,5670,35911,24860,6358,6965,1,0.3201,0.3088
Holy Family University,933,2018,31949,27100,16634,6991,0.2789,0.5461,0.4357
Rivier University,932,1524,39525,28055,14282,6599,0.9231,0.5907,0.532
Eastern New Mexico University-Main Campus,932,3767,15021,10069,3199,5960,0.5205,0.2875,0.5845
Curry College,931,2794,47519,34715,20075,8319,0.2765,0.4502,0.7494
St Thomas Aquinas College,931,1279,36823,26340,17913,8773,0.351,0.5278,0.3781
La Roche College,931,1344,35493,24778,15204,5789,0.3409,0.4558,0.5599
Life Pacific College,930,475,24492,12500,8619,6394,0.1875,0.5111,0.3689
Barry University,930,4284,41019,28160,16547,7696,0.4266,0.3729,0.4293
Northwestern Oklahoma State University,930,2005,13065,11764,3135,5246,1,0.314,0.5361
Edinboro University of Pennsylvania,930,5756,19886,12701,5789,8925,0.8479,0.4175,0.6615
Rhode Island College,930,7253,14858,18300,6412,7607,1,0.4292,0.6312
Bethel University,930,5063,26864,15714,8975,3935,1,0.302,0.4705
Dallas Christian College,930,316,24499,14688,11221,4459,0.3958,0.3023,0.4135
Lyndon State College,930,1363,19178,20942,11502,6254,1,0.3506,0.7665
Mount St Mary's College,928,2617,47905,33852,21833,8055,0.2806,0.6379,0.6707
College of Our Lady of the Elms,928,1308,40802,30132,11375,6340,0.8421,0.6788,0.4074
Olivet College,927,1016,31515,23021,12367,5258,1,0.4341,0.6557
Rosemont College,927,511,45067,30950,14759,5011,0.2331,0.4559,0.6957
La Sierra University,926,2060,39842,29103,26008,7230,0.8898,0.4918,0.6247
University of Dubuque,926,1687,34206,25520,18183,6274,1,0.468,0.7449
William Penn University,926,1558,33081,23210,8602,5792,0.9574,0.3978,0.4293
University of North Carolina at Pembroke,926,5184,15784,14351,3693,6516,0.8113,0.327,0.6182
Montana State University-Northern,925,1250,17290,17312,5163,5164,0.663,0.3656,0.4877
Oakwood University,924,1854,34705,16234,11909,5307,1,0.3632,0.8161
University of Bridgeport,923,2835,45640,29090,16601,7160,1,0.281,0.6759
The University of Texas at El Paso,923,19527,15272,19175,4743,8167,0.7051,0.3946,0.5754
Southern Connecticut State University,921,8257,18628,20486,8775,8318,0.4177,0.4944,0.5912
California State University-Fresno,920,19911,16377,17447,3990,8027,0.5161,0.4859,0.5317
Missouri Valley College,920,1411,28754,18300,6158,4635,0.5732,0.2494,0.5006
College of Mount Saint Vincent,919,1635,37738,30290,17983,8049,0.3524,0.5152,0.7495
California State University-Northridge,918,33581,20899,17685,5994,8395,0.4602,0.4575,0.512
Indiana University-Northwest,918,4764,18092,17778,5114,6557,0.4709,0.259,0.3263
California State University-Stanislaus,917,7751,17161,17651,4704,8072,0.563,0.5198,0.5058
New Jersey City University,917,6373,19058,19065,7917,9101,0.9798,0.3174,0.3557
Southern Wesleyan University,916,1314,31054,22200,12008,5258,1,0.4426,0.526
Nyack College,915,1818,34586,23250,13307,6525,0.4886,0.4276,0.5061
Clarion University of Pennsylvania,915,5046,20478,13237,7400,9448,0.7321,0.5286,0.6059
Mount Aloysius College,915,1571,30884,20268,14007,6238,0.3396,0.37,0.5265
Saint Peter's University,913,2369,40921,32284,17043,8274,0.4382,0.5332,0.8225
Concordia College-New York,912,856,36593,28095,16503,5362,1,0.3937,0.7612
California State University-East Bay,910,12079,20676,17710,6821,8804,0.4163,0.3808,0.4054
Holy Names University,910,800,46994,33020,17424,7717,0.2392,0.3548,0.4208
Indiana State University,910,10173,19549,17992,5564,7071,0.7051,0.4159,0.7679
Jackson State University,910,6880,18724,15552,5600,6761,0.7274,0.3852,0.5941
University of Pikeville,909,1313,31005,17750,15184,5588,0.7113,0.309,0.4662
Warner University,908,1023,28555,18430,4616,4638,0.3448,0.4275,0.4817
LIM College,907,1508,41111,23645,23919,6582,0.1065,0.4586,0.6484
Kean University,905,11975,19462,17141,8190,9226,0.2657,0.4623,0.4902
CUNY York College,905,7361,13967,12606,3308,7001,0.3626,0.2635,0.367
St Thomas University,904,1035,37090,26370,15717,9486,1,0.3829,0.5897
University of Houston-Victoria,903,2879,17508,16868,5219,8067,0.6056,NA,0.3626
North Carolina A & T State University,902,8577,15313,16503,5098,8227,0.7231,0.4289,0.8
California State University-Bakersfield,901,7226,18061,17935,3182,8122,0.6512,0.3946,0.6128
Keystone College,901,1550,31012,21300,10472,6328,0.279,0.4221,0.6717
Georgian Court University,900,1398,38533,29606,18180,8029,0.4667,0.5133,0.4192
Dominican College of Blauvelt,899,1505,35825,24790,17452,7601,0.3455,0.3565,0.6993
Hillsdale Free Will Baptist College,899,195,23637,11600,9394,2709,0.4528,0.5119,0.9524
Trinity Lutheran College,898,192,31957,27042,9726,4771,0.7059,0.8571,0.64
Cabrini College,896,1286,43541,29000,13361,7005,0.3537,0.4561,0.7469
Saint Mary-of-the-Woods College,895,630,40349,27672,12258,4867,0.338,0.6049,0.4266
Thomas College,895,846,33792,22770,10550,6177,0.4247,0.4298,0.3312
Texas A & M University-Kingsville,895,9400,19721,17560,5669,7392,0.6426,0.341,0.4374
Five Towns College,894,740,31557,20770,12274,4824,1,0.3968,0.6818
University of Houston-Downtown,894,13297,18879,13734,6072,7279,0.5322,0.1408,0.2917
Morgan State University,893,6197,20108,16632,5394,7430,0.8691,0.3375,0.6612
Chicago State University,892,4321,18472,15424,8139,7512,0.7299,0.207,0.2731
Texas A & M International University,892,6560,15272,14314,3700,7689,0.6812,0.4298,0.6253
Greensboro College,891,802,37497,26306,12774,6025,1,0.3059,0.5418
Delaware State University,890,3719,20506,15692,6458,7478,0.6342,0.3717,0.7667
Northeastern Illinois University,890,8827,22273,15348,6847,6988,0.6473,0.2034,0.3394
Southern University and A & M College,890,5666,17928,8274,4459,6158,0.943,0.3183,0.749
Southern University Law Center,890,NA,NA,NA,11554,10863,0.5316,NA,NA
Winston-Salem State University,889,4877,15990,14281,4135,7643,0.7526,0.4553,0.5231
California State University-San Bernardino,888,15887,17030,17710,5417,8558,0.5046,0.4112,0.5029
Albany State University,887,3566,19025,18226,4431,5607,0.8679,0.4249,0.5663
Bowie State University,886,4313,18581,17538,4608,7393,0.5182,0.3524,0.5239
American International College,885,1513,40803,30040,10357,5700,0.1848,0.4487,0.6628
Adventist University of Health Sciences,884,2064,21358,11830,12441,6539,0.988,0.3953,0.0768
Our Lady of the Lake University,882,1509,33227,23938,15625,7587,0.3529,0.341,0.5929
Clark Atlanta University,880,2629,34201,21100,16788,6418,0.5904,0.3893,0.8589
Coppin State University,880,2880,16147,11186,1347,6952,0.4221,0.1387,0.5065
Mount Ida College,880,1261,41565,29377,16453,6336,0.381,0.3952,0.714
Norfolk State University,879,5955,18837,20596,4226,7608,1,0.3443,0.5784
Piedmont International University,878,197,22699,12455,6493,3006,0.6,0.4,0.5254
Tennessee Temple University,878,704,23217,12120,7629,2985,1,0.1897,0.4577
Felician College,877,1618,41750,29990,20665,6612,0.5749,0.4592,0.3953
Claflin University,873,1803,29849,15010,9889,6217,0.7048,0.437,0.752
California State University-Los Angeles,871,19525,14747,17504,4287,8767,0.4996,0.3565,0.456
University of Maryland Eastern Shore,871,3421,20587,15504,4159,7299,0.6021,0.3246,0.704
Post University,865,6616,40723,20925,14224,7340,0.1216,0.3583,0.1732
Medaille College,865,1716,30598,23812,14138,5457,0.4271,0.4914,0.6899
Sul Ross State University,865,2000,17254,13932,5807,6180,0.6818,0.2851,0.4871
Trinity Baptist College,863,289,16752,9840,7156,3450,1,0.3889,0.5725
Grambling State University,863,4100,20881,15118,4270,5794,0.8966,0.3167,0.6799
Cox College,863,832,24355,10376,16550,NA,1,0.9091,0.0317
Neumann University,861,2462,37314,24948,18159,6649,0.3755,0.5019,0.8094
Kentucky State University,860,2131,18387,15072,7858,6102,0.8113,0.1797,0.731
North Carolina Central University,859,5876,17873,16099,4987,7653,0.7302,0.3972,0.6221
Calumet College of Saint Joseph,855,988,19530,15620,14657,5564,0.246,0.3375,0.4869
College of Saint Elizabeth,855,947,43899,31095,18246,7174,1,0.5563,0.5232
Fisk University,854,611,38893,20449,11470,5525,0.8,0.5217,0.8185
Lincoln University of Pennsylvania,853,1614,22497,15084,10811,8170,1,0.3984,0.7422
Alcorn State University,851,3157,20330,6108,4029,6431,0.7768,0.3463,0.7507
Fayetteville State University,851,5077,13188,15401,3202,8064,0.8166,0.3215,0.3926
South Carolina State University,851,2876,25265,18910,9292,6666,0.7518,0.3568,0.7503
Elizabeth City State University,849,2276,10620,15286,3357,7545,0.9763,0.4159,0.6492
Savannah State University,847,4462,15531,15176,2937,5294,0.9859,0.2908,0.8213
California State University-Dominguez Hills,845,11894,12957,17260,5563,8202,0.3877,0.2935,0.3058
Prairie View A & M University,845,6731,16782,15350,5137,7307,0.8333,0.3652,0.764
University of Arkansas at Pine Bluff,842,2503,15414,11638,2277,5341,0.8326,0.2583,0.7662
College of St Joseph,842,158,33200,21100,12781,4163,1,0.2059,0.5323
Wesley College,841,1481,35199,23590,21945,6703,1,0.2178,0.7553
Gallaudet University,841,1053,29852,13800,11093,10183,1,0.4828,0.6452
Bloomfield College,835,1906,38858,25880,18053,7807,1,0.3642,0.6677
Texas Southern University,832,6288,22311,18566,6770,7660,0.757,0.1633,0.5833
Alabama State University,830,5354,17400,15656,7813,6557,0.6641,0.2517,0.8597
Albertus Magnus College,830,1278,41520,28378,12190,7601,0.3494,0.6063,0.4774
Fort Valley State University,830,2805,19801,18640,2973,6189,0.9753,0.3017,0.7695
Mississippi Valley State University,825,1856,17758,5916,3148,5621,0.9851,0.2598,0.6186
Central State University,825,2028,17380,13510,4338,6423,1,0.2518,0.7074
Alabama A & M University,823,4051,18888,12774,9063,7079,0.8856,0.2914,0.8574
Bethune-Cookman University,812,3723,27017,14410,9477,5838,0.8436,0.5505,0.8496
Virginia State University,811,5023,20075,17192,5310,7414,0.7374,0.4034,0.7301
Southern University at New Orleans,808,1782,10889,4911,8167,5830,0.7102,0.1119,0.381
University of the Virgin Islands,807,2023,16261,13174,7560,7213,1,0.2438,0.5722
Marygrove College,780,1041,25733,19850,8747,6431,0.8333,0.2931,0.467
Huston-Tillotson University,780,924,25894,13494,13782,5676,0.6322,0.2606,0.6143
Chowan University,777,1361,32188,22510,11818,6164,0.5905,0.244,0.851
Pine Manor College,760,221,36852,24930,11893,5785,0.4894,0.3353,0.3291
Virginia Union University,750,1359,26885,15130,10362,5524,0.6525,0.3547,0.8255
Charles R Drew University of Medicine and Science,735,83,26941,11956,18909,6747,0.5,NA,0.1143
